,survived,pclass,sex,age,sibsp,parch,fare,embarked,class,who,adult_male,deck,embark_town,alive,alone,age_groups,female_from_2nd_class
0,0,3,1,22.0,1,0,7.25,S,Third,0,1,Unknown,Southampton,no,0,"(15, 25]",0
1,1,1,0,38.0,1,0,71.2833,C,First,1,0,C,Cherbourg,yes,0,"(35, 45]",1
2,1,3,0,26.0,0,0,7.925,S,Third,1,0,Unknown,Southampton,yes,1,"(25, 35]",0
3,1,1,0,35.0,1,0,53.1,S,First,1,0,C,Southampton,yes,0,"(25, 35]",1
4,0,3,1,35.0,0,0,8.05,S,Third,0,1,Unknown,Southampton,no,1,"(25, 35]",0
5,0,3,1,32.973597359735976,0,0,8.4583,Q,Third,0,1,Unknown,Queenstown,no,1,"(25, 35]",0
6,0,1,1,54.0,0,0,51.8625,S,First,0,1,E,Southampton,no,1,"(45, 60]",0
7,0,3,1,2.0,3,1,21.075,S,Third,3,0,Unknown,Southampton,no,0,"(0, 15]",0
8,1,3,0,27.0,0,2,11.1333,S,Third,1,0,Unknown,Southampton,yes,0,"(25, 35]",0
9,1,2,0,14.0,1,0,30.0708,C,Second,3,0,Unknown,Cherbourg,yes,0,"(0, 15]",1
10,1,3,0,4.0,1,1,16.7,S,Third,3,0,G,Southampton,yes,0,"(0, 15]",0
11,1,1,0,58.0,0,0,26.55,S,First,1,0,C,Southampton,yes,1,"(45, 60]",1
12,0,3,1,20.0,0,0,8.05,S,Third,0,1,Unknown,Southampton,no,1,"(15, 25]",0
13,0,3,1,39.0,1,5,31.275,S,Third,0,1,Unknown,Southampton,no,0,"(35, 45]",0
14,0,3,0,14.0,0,0,7.8542,S,Third,3,0,Unknown,Southampton,no,1,"(0, 15]",0
15,1,2,0,55.0,0,0,16.0,S,Second,1,0,Unknown,Southampton,yes,1,"(45, 60]",1
16,0,3,1,2.0,4,1,29.125,Q,Third,3,0,Unknown,Queenstown,no,0,"(0, 15]",0
17,1,2,1,32.973597359735976,0,0,13.0,S,Second,0,1,Unknown,Southampton,yes,1,"(25, 35]",0
18,0,3,0,31.0,1,0,18.0,S,Third,1,0,Unknown,Southampton,no,0,"(25, 35]",0
19,1,3,0,31.08421052631579,0,0,7.225,C,Third,1,0,Unknown,Cherbourg,yes,1,"(25, 35]",0
20,0,2,1,35.0,0,0,26.0,S,Second,0,1,Unknown,Southampton,no,1,"(25, 35]",0
21,1,2,1,34.0,0,0,13.0,S,Second,0,1,D,Southampton,yes,1,"(25, 35]",0
22,1,3,0,15.0,0,0,8.0292,Q,Third,3,0,Unknown,Queenstown,yes,1,"(0, 15]",0
23,1,1,1,28.0,0,0,35.5,S,First,0,1,A,Southampton,yes,1,"(25, 35]",0
24,0,3,0,8.0,3,1,21.075,S,Third,3,0,Unknown,Southampton,no,0,"(0, 15]",0
25,1,3,0,38.0,1,5,31.3875,S,Third,1,0,Unknown,Southampton,yes,0,"(35, 45]",0
26,0,3,1,32.973597359735976,0,0,7.225,C,Third,0,1,Unknown,Cherbourg,no,1,"(25, 35]",0
27,0,1,1,19.0,3,2,263.0,S,First,0,1,C,Southampton,no,0,"(15, 25]",0
28,1,3,0,31.08421052631579,0,0,7.8792,Q,Third,1,0,Unknown,Queenstown,yes,1,"(25, 35]",0
29,0,3,1,32.973597359735976,0,0,7.8958,S,Third,0,1,Unknown,Southampton,no,1,"(25, 35]",0
30,0,1,1,40.0,0,0,27.7208,C,First,0,1,Unknown,Cherbourg,no,1,"(35, 45]",0
31,1,1,0,33.355555555555554,1,0,146.5208,C,First,1,0,B,Cherbourg,yes,0,"(25, 35]",1
32,1,3,0,31.08421052631579,0,0,7.75,Q,Third,1,0,Unknown,Queenstown,yes,1,"(25, 35]",0
33,0,2,1,66.0,0,0,10.5,S,Second,0,1,Unknown,Southampton,no,1,"(60, 80]",0
34,0,1,1,28.0,1,0,82.1708,C,First,0,1,Unknown,Cherbourg,no,0,"(25, 35]",0
35,0,1,1,42.0,1,0,52.0,S,First,0,1,Unknown,Southampton,no,0,"(35, 45]",0
36,1,3,1,32.973597359735976,0,0,7.2292,C,Third,0,1,Unknown,Cherbourg,yes,1,"(25, 35]",0
37,0,3,1,21.0,0,0,8.05,S,Third,0,1,Unknown,Southampton,no,1,"(15, 25]",0
38,0,3,0,18.0,2,0,18.0,S,Third,1,0,Unknown,Southampton,no,0,"(15, 25]",0
39,1,3,0,14.0,1,0,11.2417,C,Third,3,0,Unknown,Cherbourg,yes,0,"(0, 15]",0
40,0,3,0,40.0,1,0,9.475,S,Third,1,0,Unknown,Southampton,no,0,"(35, 45]",0
41,0,2,0,27.0,1,0,21.0,S,Second,1,0,Unknown,Southampton,no,0,"(25, 35]",1
42,0,3,1,32.973597359735976,0,0,7.8958,C,Third,0,1,Unknown,Cherbourg,no,1,"(25, 35]",0
43,1,2,0,3.0,1,2,41.5792,C,Second,3,0,Unknown,Cherbourg,yes,0,"(0, 15]",1
44,1,3,0,19.0,0,0,7.8792,Q,Third,1,0,Unknown,Queenstown,yes,1,"(15, 25]",0
45,0,3,1,32.973597359735976,0,0,8.05,S,Third,0,1,Unknown,Southampton,no,1,"(25, 35]",0
46,0,3,1,32.70192307692308,1,0,15.5,Q,Third,0,1,Unknown,Queenstown,no,0,"(25, 35]",0
47,1,3,0,31.08421052631579,0,0,7.75,Q,Third,1,0,Unknown,Queenstown,yes,1,"(25, 35]",0
48,0,3,1,31.181818181818183,2,0,21.6792,C,Third,0,1,Unknown,Cherbourg,no,0,"(25, 35]",0
49,0,3,0,18.0,1,0,17.8,S,Third,1,0,Unknown,Southampton,no,0,"(15, 25]",0
50,0,3,1,7.0,4,1,39.6875,S,Third,3,0,Unknown,Southampton,no,0,"(0, 15]",0
51,0,3,1,21.0,0,0,7.8,S,Third,0,1,Unknown,Southampton,no,1,"(15, 25]",0
52,1,1,0,49.0,1,0,76.7292,C,First,1,0,D,Cherbourg,yes,0,"(45, 60]",1
53,1,2,0,29.0,1,0,26.0,S,Second,1,0,Unknown,Southampton,yes,0,"(25, 35]",1
54,0,1,1,65.0,0,1,61.9792,C,First,0,1,B,Cherbourg,no,0,"(60, 80]",0
55,1,1,1,32.973597359735976,0,0,35.5,S,First,0,1,C,Southampton,yes,1,"(25, 35]",0
56,1,2,0,21.0,0,0,10.5,S,Second,1,0,Unknown,Southampton,yes,1,"(15, 25]",1
57,0,3,1,28.5,0,0,7.2292,C,Third,0,1,Unknown,Cherbourg,no,1,"(25, 35]",0
58,1,2,0,5.0,1,2,27.75,S,Second,3,0,Unknown,Southampton,yes,0,"(0, 15]",1
59,0,3,1,11.0,5,2,46.9,S,Third,3,0,Unknown,Southampton,no,0,"(0, 15]",0
60,0,3,1,22.0,0,0,7.2292,C,Third,0,1,Unknown,Cherbourg,no,1,"(15, 25]",0
61,1,1,0,38.0,0,0,80.0,,First,1,0,B,Southampton,yes,1,"(35, 45]",1
62,0,1,1,45.0,1,0,83.475,S,First,0,1,C,Southampton,no,0,"(35, 45]",0
63,0,3,1,4.0,3,2,27.9,S,Third,3,0,Unknown,Southampton,no,0,"(0, 15]",0
64,0,1,1,32.973597359735976,0,0,27.7208,C,First,0,1,Unknown,Cherbourg,no,1,"(25, 35]",0
65,1,3,1,36.0,1,1,15.2458,C,Third,0,1,Unknown,Cherbourg,yes,0,"(35, 45]",0
66,1,2,0,29.0,0,0,10.5,S,Second,1,0,F,Southampton,yes,1,"(25, 35]",1
67,0,3,1,19.0,0,0,8.1583,S,Third,0,1,Unknown,Southampton,no,1,"(15, 25]",0
68,1,3,0,17.0,4,2,7.925,S,Third,1,0,Unknown,Southampton,yes,0,"(15, 25]",0
69,0,3,1,26.0,2,0,8.6625,S,Third,0,1,Unknown,Southampton,no,0,"(25, 35]",0
70,0,2,1,32.0,0,0,10.5,S,Second,0,1,Unknown,Southampton,no,1,"(25, 35]",0
71,0,3,0,16.0,5,2,46.9,S,Third,1,0,Unknown,Southampton,no,0,"(15, 25]",0
72,0,2,1,21.0,0,0,73.5,S,Second,0,1,Unknown,Southampton,no,1,"(15, 25]",0
73,0,3,1,26.0,1,0,14.4542,C,Third,0,1,Unknown,Cherbourg,no,0,"(25, 35]",0
74,1,3,1,32.0,0,0,56.4958,S,Third,0,1,Unknown,Southampton,yes,1,"(25, 35]",0
75,0,3,1,25.0,0,0,7.65,S,Third,0,1,F,Southampton,no,1,"(15, 25]",0
76,0,3,1,32.973597359735976,0,0,7.8958,S,Third,0,1,Unknown,Southampton,no,1,"(25, 35]",0
77,0,3,1,32.973597359735976,0,0,8.05,S,Third,0,1,Unknown,Southampton,no,1,"(25, 35]",0
78,1,2,1,0.83,0,2,29.0,S,Second,3,0,Unknown,Southampton,yes,0,"(0, 15]",0
79,1,3,0,30.0,0,0,12.475,S,Third,1,0,Unknown,Southampton,yes,1,"(25, 35]",0
80,0,3,1,22.0,0,0,9.0,S,Third,0,1,Unknown,Southampton,no,1,"(15, 25]",0
81,1,3,1,29.0,0,0,9.5,S,Third,0,1,Unknown,Southampton,yes,1,"(25, 35]",0
82,1,3,0,31.08421052631579,0,0,7.7875,Q,Third,1,0,Unknown,Queenstown,yes,1,"(25, 35]",0
83,0,1,1,28.0,0,0,47.1,S,First,0,1,Unknown,Southampton,no,1,"(25, 35]",0
84,1,2,0,17.0,0,0,10.5,S,Second,1,0,Unknown,Southampton,yes,1,"(15, 25]",1
85,1,3,0,33.0,3,0,15.85,S,Third,1,0,Unknown,Southampton,yes,0,"(25, 35]",0
86,0,3,1,16.0,1,3,34.375,S,Third,0,1,Unknown,Southampton,no,0,"(15, 25]",0
87,0,3,1,32.973597359735976,0,0,8.05,S,Third,0,1,Unknown,Southampton,no,1,"(25, 35]",0
88,1,1,0,23.0,3,2,263.0,S,First,1,0,C,Southampton,yes,0,"(15, 25]",1
89,0,3,1,24.0,0,0,8.05,S,Third,0,1,Unknown,Southampton,no,1,"(15, 25]",0
90,0,3,1,29.0,0,0,8.05,S,Third,0,1,Unknown,Southampton,no,1,"(25, 35]",0
91,0,3,1,20.0,0,0,7.8542,S,Third,0,1,Unknown,Southampton,no,1,"(15, 25]",0
92,0,1,1,46.0,1,0,61.175,S,First,0,1,E,Southampton,no,0,"(45, 60]",0
93,0,3,1,26.0,1,2,20.575,S,Third,0,1,Unknown,Southampton,no,0,"(25, 35]",0
94,0,3,1,59.0,0,0,7.25,S,Third,0,1,Unknown,Southampton,no,1,"(45, 60]",0
95,0,3,1,32.973597359735976,0,0,8.05,S,Third,0,1,Unknown,Southampton,no,1,"(25, 35]",0
96,0,1,1,71.0,0,0,34.6542,C,First,0,1,A,Cherbourg,no,1,"(60, 80]",0
97,1,1,1,23.0,0,1,63.3583,C,First,0,1,D,Cherbourg,yes,0,"(15, 25]",0
98,1,2,0,34.0,0,1,23.0,S,Second,1,0,Unknown,Southampton,yes,0,"(25, 35]",1
99,0,2,1,34.0,1,0,26.0,S,Second,0,1,Unknown,Southampton,no,0,"(25, 35]",0
100,0,3,0,28.0,0,0,7.8958,S,Third,1,0,Unknown,Southampton,no,1,"(25, 35]",0
101,0,3,1,32.973597359735976,0,0,7.8958,S,Third,0,1,Unknown,Southampton,no,1,"(25, 35]",0
102,0,1,1,21.0,0,1,77.2875,S,First,0,1,D,Southampton,no,0,"(15, 25]",0
103,0,3,1,33.0,0,0,8.6542,S,Third,0,1,Unknown,Southampton,no,1,"(25, 35]",0
104,0,3,1,37.0,2,0,7.925,S,Third,0,1,Unknown,Southampton,no,0,"(35, 45]",0
105,0,3,1,28.0,0,0,7.8958,S,Third,0,1,Unknown,Southampton,no,1,"(25, 35]",0
106,1,3,0,21.0,0,0,7.65,S,Third,1,0,Unknown,Southampton,yes,1,"(15, 25]",0
107,1,3,1,32.973597359735976,0,0,7.775,S,Third,0,1,Unknown,Southampton,yes,1,"(25, 35]",0
108,0,3,1,38.0,0,0,7.8958,S,Third,0,1,Unknown,Southampton,no,1,"(35, 45]",0
109,1,3,0,33.355555555555554,1,0,24.15,Q,Third,1,0,Unknown,Queenstown,yes,0,"(25, 35]",0
110,0,1,1,47.0,0,0,52.0,S,First,0,1,C,Southampton,no,1,"(45, 60]",0
111,0,3,0,14.5,1,0,14.4542,C,Third,3,0,Unknown,Cherbourg,no,0,"(0, 15]",0
112,0,3,1,22.0,0,0,8.05,S,Third,0,1,Unknown,Southampton,no,1,"(15, 25]",0
113,0,3,0,20.0,1,0,9.825,S,Third,1,0,Unknown,Southampton,no,0,"(15, 25]",0
114,0,3,0,17.0,0,0,14.4583,C,Third,1,0,Unknown,Cherbourg,no,1,"(15, 25]",0
115,0,3,1,21.0,0,0,7.925,S,Third,0,1,Unknown,Southampton,no,1,"(15, 25]",0
116,0,3,1,70.5,0,0,7.75,Q,Third,0,1,Unknown,Queenstown,no,1,"(60, 80]",0
117,0,2,1,29.0,1,0,21.0,S,Second,0,1,Unknown,Southampton,no,0,"(25, 35]",0
118,0,1,1,24.0,0,1,247.5208,C,First,0,1,B,Cherbourg,no,0,"(15, 25]",0
119,0,3,0,2.0,4,2,31.275,S,Third,3,0,Unknown,Southampton,no,0,"(0, 15]",0
120,0,2,1,21.0,2,0,73.5,S,Second,0,1,Unknown,Southampton,no,0,"(15, 25]",0
121,0,3,1,32.973597359735976,0,0,8.05,S,Third,0,1,Unknown,Southampton,no,1,"(25, 35]",0
122,0,2,1,32.5,1,0,30.0708,C,Second,0,1,Unknown,Cherbourg,no,0,"(25, 35]",0
123,1,2,0,32.5,0,0,13.0,S,Second,1,0,E,Southampton,yes,1,"(25, 35]",1
124,0,1,1,54.0,0,1,77.2875,S,First,0,1,D,Southampton,no,0,"(45, 60]",0
125,1,3,1,12.0,1,0,11.2417,C,Third,3,0,Unknown,Cherbourg,yes,0,"(0, 15]",0
126,0,3,1,32.973597359735976,0,0,7.75,Q,Third,0,1,Unknown,Queenstown,no,1,"(25, 35]",0
127,1,3,1,24.0,0,0,7.1417,S,Third,0,1,Unknown,Southampton,yes,1,"(15, 25]",0
128,1,3,0,35.45,1,1,22.3583,C,Third,1,0,F,Cherbourg,yes,0,"(35, 45]",0
129,0,3,1,45.0,0,0,6.975,S,Third,0,1,Unknown,Southampton,no,1,"(35, 45]",0
130,0,3,1,33.0,0,0,7.8958,C,Third,0,1,Unknown,Cherbourg,no,1,"(25, 35]",0
131,0,3,1,20.0,0,0,7.05,S,Third,0,1,Unknown,Southampton,no,1,"(15, 25]",0
132,0,3,0,47.0,1,0,14.5,S,Third,1,0,Unknown,Southampton,no,0,"(45, 60]",0
133,1,2,0,29.0,1,0,26.0,S,Second,1,0,Unknown,Southampton,yes,0,"(25, 35]",1
134,0,2,1,25.0,0,0,13.0,S,Second,0,1,Unknown,Southampton,no,1,"(15, 25]",0
135,0,2,1,23.0,0,0,15.0458,C,Second,0,1,Unknown,Cherbourg,no,1,"(15, 25]",0
136,1,1,0,19.0,0,2,26.2833,S,First,1,0,D,Southampton,yes,0,"(15, 25]",1
137,0,1,1,37.0,1,0,53.1,S,First,0,1,C,Southampton,no,0,"(35, 45]",0
138,0,3,1,16.0,0,0,9.2167,S,Third,0,1,Unknown,Southampton,no,1,"(15, 25]",0
139,0,1,1,24.0,0,0,79.2,C,First,0,1,B,Cherbourg,no,1,"(15, 25]",0
140,0,3,0,26.833333333333332,0,2,15.2458,C,Third,1,0,Unknown,Cherbourg,no,0,"(25, 35]",0
141,1,3,0,22.0,0,0,7.75,S,Third,1,0,Unknown,Southampton,yes,1,"(15, 25]",0
142,1,3,0,24.0,1,0,15.85,S,Third,1,0,Unknown,Southampton,yes,0,"(15, 25]",0
143,0,3,1,19.0,0,0,6.75,Q,Third,0,1,Unknown,Queenstown,no,1,"(15, 25]",0
144,0,2,1,18.0,0,0,11.5,S,Second,0,1,Unknown,Southampton,no,1,"(15, 25]",0
145,0,2,1,19.0,1,1,36.75,S,Second,0,1,Unknown,Southampton,no,0,"(15, 25]",0
146,1,3,1,27.0,0,0,7.7958,S,Third,0,1,Unknown,Southampton,yes,1,"(25, 35]",0
147,0,3,0,9.0,2,2,34.375,S,Third,3,0,Unknown,Southampton,no,0,"(0, 15]",0
148,0,2,1,36.5,0,2,26.0,S,Second,0,1,F,Southampton,no,0,"(35, 45]",0
149,0,2,1,42.0,0,0,13.0,S,Second,0,1,Unknown,Southampton,no,1,"(35, 45]",0
150,0,2,1,51.0,0,0,12.525,S,Second,0,1,Unknown,Southampton,no,1,"(45, 60]",0
151,1,1,0,22.0,1,0,66.6,S,First,1,0,C,Southampton,yes,0,"(15, 25]",1
152,0,3,1,55.5,0,0,8.05,S,Third,0,1,Unknown,Southampton,no,1,"(45, 60]",0
153,0,3,1,40.5,0,2,14.5,S,Third,0,1,Unknown,Southampton,no,0,"(35, 45]",0
154,0,3,1,32.973597359735976,0,0,7.3125,S,Third,0,1,Unknown,Southampton,no,1,"(25, 35]",0
155,0,1,1,51.0,0,1,61.3792,C,First,0,1,Unknown,Cherbourg,no,0,"(45, 60]",0
156,1,3,0,16.0,0,0,7.7333,Q,Third,1,0,Unknown,Queenstown,yes,1,"(15, 25]",0
157,0,3,1,30.0,0,0,8.05,S,Third,0,1,Unknown,Southampton,no,1,"(25, 35]",0
158,0,3,1,32.973597359735976,0,0,8.6625,S,Third,0,1,Unknown,Southampton,no,1,"(25, 35]",0
159,0,3,1,6.369518072289157,8,2,69.55,S,Third,0,1,Unknown,Southampton,no,0,"(0, 15]",0
160,0,3,1,44.0,0,1,16.1,S,Third,0,1,Unknown,Southampton,no,0,"(35, 45]",0
161,1,2,0,40.0,0,0,15.75,S,Second,1,0,Unknown,Southampton,yes,1,"(35, 45]",1
162,0,3,1,26.0,0,0,7.775,S,Third,0,1,Unknown,Southampton,no,1,"(25, 35]",0
163,0,3,1,17.0,0,0,8.6625,S,Third,0,1,Unknown,Southampton,no,1,"(15, 25]",0
164,0,3,1,1.0,4,1,39.6875,S,Third,3,0,Unknown,Southampton,no,0,"(0, 15]",0
165,1,3,1,9.0,0,2,20.525,S,Third,3,0,Unknown,Southampton,yes,0,"(0, 15]",0
166,1,1,0,34.1764705882353,0,1,55.0,S,First,1,0,E,Southampton,yes,0,"(25, 35]",1
167,0,3,0,45.0,1,4,27.9,S,Third,1,0,Unknown,Southampton,no,0,"(35, 45]",0
168,0,1,1,32.973597359735976,0,0,25.925,S,First,0,1,Unknown,Southampton,no,1,"(25, 35]",0
169,0,3,1,28.0,0,0,56.4958,S,Third,0,1,Unknown,Southampton,no,1,"(25, 35]",0
170,0,1,1,61.0,0,0,33.5,S,First,0,1,B,Southampton,no,1,"(60, 80]",0
171,0,3,1,4.0,4,1,29.125,Q,Third,3,0,Unknown,Queenstown,no,0,"(0, 15]",0
172,1,3,0,1.0,1,1,11.1333,S,Third,3,0,Unknown,Southampton,yes,0,"(0, 15]",0
173,0,3,1,21.0,0,0,7.925,S,Third,0,1,Unknown,Southampton,no,1,"(15, 25]",0
174,0,1,1,56.0,0,0,30.6958,C,First,0,1,A,Cherbourg,no,1,"(45, 60]",0
175,0,3,1,18.0,1,1,7.8542,S,Third,0,1,Unknown,Southampton,no,0,"(15, 25]",0
176,0,3,1,4.333333333333333,3,1,25.4667,S,Third,0,1,Unknown,Southampton,no,0,"(0, 15]",0
177,0,1,0,50.0,0,0,28.7125,C,First,1,0,C,Cherbourg,no,1,"(45, 60]",1
178,0,2,1,30.0,0,0,13.0,S,Second,0,1,Unknown,Southampton,no,1,"(25, 35]",0
179,0,3,1,36.0,0,0,0.0,S,Third,0,1,Unknown,Southampton,no,1,"(35, 45]",0
180,0,3,0,6.369518072289157,8,2,69.55,S,Third,1,0,Unknown,Southampton,no,0,"(0, 15]",0
181,0,2,1,32.973597359735976,0,0,15.05,C,Second,0,1,Unknown,Cherbourg,no,1,"(25, 35]",0
182,0,3,1,9.0,4,2,31.3875,S,Third,3,0,Unknown,Southampton,no,0,"(0, 15]",0
183,1,2,1,1.0,2,1,39.0,S,Second,3,0,F,Southampton,yes,0,"(0, 15]",0
184,1,3,0,4.0,0,2,22.025,S,Third,3,0,Unknown,Southampton,yes,0,"(0, 15]",0
185,0,1,1,32.973597359735976,0,0,50.0,S,First,0,1,A,Southampton,no,1,"(25, 35]",0
186,1,3,0,33.355555555555554,1,0,15.5,Q,Third,1,0,Unknown,Queenstown,yes,0,"(25, 35]",0
187,1,1,1,45.0,0,0,26.55,S,First,0,1,Unknown,Southampton,yes,1,"(35, 45]",0
188,0,3,1,40.0,1,1,15.5,Q,Third,0,1,Unknown,Queenstown,no,0,"(35, 45]",0
189,0,3,1,36.0,0,0,7.8958,S,Third,0,1,Unknown,Southampton,no,1,"(35, 45]",0
190,1,2,0,32.0,0,0,13.0,S,Second,1,0,Unknown,Southampton,yes,1,"(25, 35]",1
191,0,2,1,19.0,0,0,13.0,S,Second,0,1,Unknown,Southampton,no,1,"(15, 25]",0
192,1,3,0,19.0,1,0,7.8542,S,Third,1,0,Unknown,Southampton,yes,0,"(15, 25]",0
193,1,2,1,3.0,1,1,26.0,S,Second,3,0,F,Southampton,yes,0,"(0, 15]",0
194,1,1,0,44.0,0,0,27.7208,C,First,1,0,B,Cherbourg,yes,1,"(35, 45]",1
195,1,1,0,58.0,0,0,146.5208,C,First,1,0,B,Cherbourg,yes,1,"(45, 60]",1
196,0,3,1,32.973597359735976,0,0,7.75,Q,Third,0,1,Unknown,Queenstown,no,1,"(25, 35]",0
197,0,3,1,42.0,0,1,8.4042,S,Third,0,1,Unknown,Southampton,no,0,"(35, 45]",0
198,1,3,0,31.08421052631579,0,0,7.75,Q,Third,1,0,Unknown,Queenstown,yes,1,"(25, 35]",0
199,0,2,0,24.0,0,0,13.0,S,Second,1,0,Unknown,Southampton,no,1,"(15, 25]",1
200,0,3,1,28.0,0,0,9.5,S,Third,0,1,Unknown,Southampton,no,1,"(25, 35]",0
201,0,3,1,6.369518072289157,8,2,69.55,S,Third,0,1,Unknown,Southampton,no,0,"(0, 15]",0
202,0,3,1,34.0,0,0,6.4958,S,Third,0,1,Unknown,Southampton,no,1,"(25, 35]",0
203,0,3,1,45.5,0,0,7.225,C,Third,0,1,Unknown,Cherbourg,no,1,"(45, 60]",0
204,1,3,1,18.0,0,0,8.05,S,Third,0,1,Unknown,Southampton,yes,1,"(15, 25]",0
205,0,3,0,2.0,0,1,10.4625,S,Third,3,0,G,Southampton,no,0,"(0, 15]",0
206,0,3,1,32.0,1,0,15.85,S,Third,0,1,Unknown,Southampton,no,0,"(25, 35]",0
207,1,3,1,26.0,0,0,18.7875,C,Third,0,1,Unknown,Cherbourg,yes,1,"(25, 35]",0
208,1,3,0,16.0,0,0,7.75,Q,Third,1,0,Unknown,Queenstown,yes,1,"(15, 25]",0
209,1,1,1,40.0,0,0,31.0,C,First,0,1,A,Cherbourg,yes,1,"(35, 45]",0
210,0,3,1,24.0,0,0,7.05,S,Third,0,1,Unknown,Southampton,no,1,"(15, 25]",0
211,1,2,0,35.0,0,0,21.0,S,Second,1,0,Unknown,Southampton,yes,1,"(25, 35]",1
212,0,3,1,22.0,0,0,7.25,S,Third,0,1,Unknown,Southampton,no,1,"(15, 25]",0
213,0,2,1,30.0,0,0,13.0,S,Second,0,1,Unknown,Southampton,no,1,"(25, 35]",0
214,0,3,1,32.70192307692308,1,0,7.75,Q,Third,0,1,Unknown,Queenstown,no,0,"(25, 35]",0
215,1,1,0,31.0,1,0,113.275,C,First,1,0,D,Cherbourg,yes,0,"(25, 35]",1
216,1,3,0,27.0,0,0,7.925,S,Third,1,0,Unknown,Southampton,yes,1,"(25, 35]",0
217,0,2,1,42.0,1,0,27.0,S,Second,0,1,Unknown,Southampton,no,0,"(35, 45]",0
218,1,1,0,32.0,0,0,76.2917,C,First,1,0,D,Cherbourg,yes,1,"(25, 35]",1
219,0,2,1,30.0,0,0,10.5,S,Second,0,1,Unknown,Southampton,no,1,"(25, 35]",0
220,1,3,1,16.0,0,0,8.05,S,Third,0,1,Unknown,Southampton,yes,1,"(15, 25]",0
221,0,2,1,27.0,0,0,13.0,S,Second,0,1,Unknown,Southampton,no,1,"(25, 35]",0
222,0,3,1,51.0,0,0,8.05,S,Third,0,1,Unknown,Southampton,no,1,"(45, 60]",0
223,0,3,1,32.973597359735976,0,0,7.8958,S,Third,0,1,Unknown,Southampton,no,1,"(25, 35]",0
224,1,1,1,38.0,1,0,90.0,S,First,0,1,C,Southampton,yes,0,"(35, 45]",0
225,0,3,1,22.0,0,0,9.35,S,Third,0,1,Unknown,Southampton,no,1,"(15, 25]",0
226,1,2,1,19.0,0,0,10.5,S,Second,0,1,Unknown,Southampton,yes,1,"(15, 25]",0
227,0,3,1,20.5,0,0,7.25,S,Third,0,1,Unknown,Southampton,no,1,"(15, 25]",0
228,0,2,1,18.0,0,0,13.0,S,Second,0,1,Unknown,Southampton,no,1,"(15, 25]",0
229,0,3,0,4.333333333333333,3,1,25.4667,S,Third,1,0,Unknown,Southampton,no,0,"(0, 15]",0
230,1,1,0,35.0,1,0,83.475,S,First,1,0,C,Southampton,yes,0,"(25, 35]",1
231,0,3,1,29.0,0,0,7.775,S,Third,0,1,Unknown,Southampton,no,1,"(25, 35]",0
232,0,2,1,59.0,0,0,13.5,S,Second,0,1,Unknown,Southampton,no,1,"(45, 60]",0
233,1,3,0,5.0,4,2,31.3875,S,Third,3,0,Unknown,Southampton,yes,0,"(0, 15]",0
234,0,2,1,24.0,0,0,10.5,S,Second,0,1,Unknown,Southampton,no,1,"(15, 25]",0
235,0,3,0,31.08421052631579,0,0,7.55,S,Third,1,0,Unknown,Southampton,no,1,"(25, 35]",0
236,0,2,1,44.0,1,0,26.0,S,Second,0,1,Unknown,Southampton,no,0,"(35, 45]",0
237,1,2,0,8.0,0,2,26.25,S,Second,3,0,Unknown,Southampton,yes,0,"(0, 15]",1
238,0,2,1,19.0,0,0,10.5,S,Second,0,1,Unknown,Southampton,no,1,"(15, 25]",0
239,0,2,1,33.0,0,0,12.275,S,Second,0,1,Unknown,Southampton,no,1,"(25, 35]",0
240,0,3,0,33.355555555555554,1,0,14.4542,C,Third,1,0,Unknown,Cherbourg,no,0,"(25, 35]",0
241,1,3,0,33.355555555555554,1,0,15.5,Q,Third,1,0,Unknown,Queenstown,yes,0,"(25, 35]",0
242,0,2,1,29.0,0,0,10.5,S,Second,0,1,Unknown,Southampton,no,1,"(25, 35]",0
243,0,3,1,22.0,0,0,7.125,S,Third,0,1,Unknown,Southampton,no,1,"(15, 25]",0
244,0,3,1,30.0,0,0,7.225,C,Third,0,1,Unknown,Cherbourg,no,1,"(25, 35]",0
245,0,1,1,44.0,2,0,90.0,Q,First,0,1,C,Queenstown,no,0,"(35, 45]",0
246,0,3,0,25.0,0,0,7.775,S,Third,1,0,Unknown,Southampton,no,1,"(15, 25]",0
247,1,2,0,24.0,0,2,14.5,S,Second,1,0,Unknown,Southampton,yes,0,"(15, 25]",1
248,1,1,1,37.0,1,1,52.5542,S,First,0,1,D,Southampton,yes,0,"(35, 45]",0
249,0,2,1,54.0,1,0,26.0,S,Second,0,1,Unknown,Southampton,no,0,"(45, 60]",0
250,0,3,1,32.973597359735976,0,0,7.25,S,Third,0,1,Unknown,Southampton,no,1,"(25, 35]",0
251,0,3,0,29.0,1,1,10.4625,S,Third,1,0,G,Southampton,no,0,"(25, 35]",0
252,0,1,1,62.0,0,0,26.55,S,First,0,1,C,Southampton,no,1,"(60, 80]",0
253,0,3,1,30.0,1,0,16.1,S,Third,0,1,Unknown,Southampton,no,0,"(25, 35]",0
254,0,3,0,41.0,0,2,20.2125,S,Third,1,0,Unknown,Southampton,no,0,"(35, 45]",0
255,1,3,0,29.0,0,2,15.2458,C,Third,1,0,Unknown,Cherbourg,yes,0,"(25, 35]",0
256,1,1,0,31.08421052631579,0,0,79.2,C,First,1,0,Unknown,Cherbourg,yes,1,"(25, 35]",1
257,1,1,0,30.0,0,0,86.5,S,First,1,0,B,Southampton,yes,1,"(25, 35]",1
258,1,1,0,35.0,0,0,512.3292,C,First,1,0,Unknown,Cherbourg,yes,1,"(25, 35]",1
259,1,2,0,50.0,0,1,26.0,S,Second,1,0,Unknown,Southampton,yes,0,"(45, 60]",1
260,0,3,1,32.973597359735976,0,0,7.75,Q,Third,0,1,Unknown,Queenstown,no,1,"(25, 35]",0
261,1,3,1,3.0,4,2,31.3875,S,Third,3,0,Unknown,Southampton,yes,0,"(0, 15]",0
262,0,1,1,52.0,1,1,79.65,S,First,0,1,E,Southampton,no,0,"(45, 60]",0
263,0,1,1,40.0,0,0,0.0,S,First,0,1,B,Southampton,no,1,"(35, 45]",0
264,0,3,0,31.08421052631579,0,0,7.75,Q,Third,1,0,Unknown,Queenstown,no,1,"(25, 35]",0
265,0,2,1,36.0,0,0,10.5,S,Second,0,1,Unknown,Southampton,no,1,"(35, 45]",0
266,0,3,1,16.0,4,1,39.6875,S,Third,0,1,Unknown,Southampton,no,0,"(15, 25]",0
267,1,3,1,25.0,1,0,7.775,S,Third,0,1,Unknown,Southampton,yes,0,"(15, 25]",0
268,1,1,0,58.0,0,1,153.4625,S,First,1,0,C,Southampton,yes,0,"(45, 60]",1
269,1,1,0,35.0,0,0,135.6333,S,First,1,0,C,Southampton,yes,1,"(25, 35]",1
270,0,1,1,32.973597359735976,0,0,31.0,S,First,0,1,Unknown,Southampton,no,1,"(25, 35]",0
271,1,3,1,25.0,0,0,0.0,S,Third,0,1,Unknown,Southampton,yes,1,"(15, 25]",0
272,1,2,0,41.0,0,1,19.5,S,Second,1,0,Unknown,Southampton,yes,0,"(35, 45]",1
273,0,1,1,37.0,0,1,29.7,C,First,0,1,C,Cherbourg,no,0,"(35, 45]",0
274,1,3,0,31.08421052631579,0,0,7.75,Q,Third,1,0,Unknown,Queenstown,yes,1,"(25, 35]",0
275,1,1,0,63.0,1,0,77.9583,S,First,1,0,D,Southampton,yes,0,"(60, 80]",1
276,0,3,0,45.0,0,0,7.75,S,Third,1,0,Unknown,Southampton,no,1,"(35, 45]",0
277,0,2,1,32.973597359735976,0,0,0.0,S,Second,0,1,Unknown,Southampton,no,1,"(25, 35]",0
278,0,3,1,7.0,4,1,29.125,Q,Third,3,0,Unknown,Queenstown,no,0,"(0, 15]",0
279,1,3,0,35.0,1,1,20.25,S,Third,1,0,Unknown,Southampton,yes,0,"(25, 35]",0
280,0,3,1,65.0,0,0,7.75,Q,Third,0,1,Unknown,Queenstown,no,1,"(60, 80]",0
281,0,3,1,28.0,0,0,7.8542,S,Third,0,1,Unknown,Southampton,no,1,"(25, 35]",0
282,0,3,1,16.0,0,0,9.5,S,Third,0,1,Unknown,Southampton,no,1,"(15, 25]",0
283,1,3,1,19.0,0,0,8.05,S,Third,0,1,Unknown,Southampton,yes,1,"(15, 25]",0
284,0,1,1,32.973597359735976,0,0,26.0,S,First,0,1,A,Southampton,no,1,"(25, 35]",0
285,0,3,1,33.0,0,0,8.6625,C,Third,0,1,Unknown,Cherbourg,no,1,"(25, 35]",0
286,1,3,1,30.0,0,0,9.5,S,Third,0,1,Unknown,Southampton,yes,1,"(25, 35]",0
287,0,3,1,22.0,0,0,7.8958,S,Third,0,1,Unknown,Southampton,no,1,"(15, 25]",0
288,1,2,1,42.0,0,0,13.0,S,Second,0,1,Unknown,Southampton,yes,1,"(35, 45]",0
289,1,3,0,22.0,0,0,7.75,Q,Third,1,0,Unknown,Queenstown,yes,1,"(15, 25]",0
290,1,1,0,26.0,0,0,78.85,S,First,1,0,Unknown,Southampton,yes,1,"(25, 35]",1
291,1,1,0,19.0,1,0,91.0792,C,First,1,0,B,Cherbourg,yes,0,"(15, 25]",1
292,0,2,1,36.0,0,0,12.875,C,Second,0,1,D,Cherbourg,no,1,"(35, 45]",0
293,0,3,0,24.0,0,0,8.85,S,Third,1,0,Unknown,Southampton,no,1,"(15, 25]",0
294,0,3,1,24.0,0,0,7.8958,S,Third,0,1,Unknown,Southampton,no,1,"(15, 25]",0
295,0,1,1,32.973597359735976,0,0,27.7208,C,First,0,1,Unknown,Cherbourg,no,1,"(25, 35]",0
296,0,3,1,23.5,0,0,7.2292,C,Third,0,1,Unknown,Cherbourg,no,1,"(15, 25]",0
297,0,1,0,2.0,1,2,151.55,S,First,3,0,C,Southampton,no,0,"(0, 15]",1
298,1,1,1,32.973597359735976,0,0,30.5,S,First,0,1,C,Southampton,yes,1,"(25, 35]",0
299,1,1,0,50.0,0,1,247.5208,C,First,1,0,B,Cherbourg,yes,0,"(45, 60]",1
300,1,3,0,31.08421052631579,0,0,7.75,Q,Third,1,0,Unknown,Queenstown,yes,1,"(25, 35]",0
301,1,3,1,31.181818181818183,2,0,23.25,Q,Third,0,1,Unknown,Queenstown,yes,0,"(25, 35]",0
302,0,3,1,19.0,0,0,0.0,S,Third,0,1,Unknown,Southampton,no,1,"(15, 25]",0
303,1,2,0,31.08421052631579,0,0,12.35,Q,Second,1,0,E,Queenstown,yes,1,"(25, 35]",1
304,0,3,1,32.973597359735976,0,0,8.05,S,Third,0,1,Unknown,Southampton,no,1,"(25, 35]",0
305,1,1,1,0.92,1,2,151.55,S,First,3,0,C,Southampton,yes,0,"(0, 15]",0
306,1,1,0,31.08421052631579,0,0,110.8833,C,First,1,0,Unknown,Cherbourg,yes,1,"(25, 35]",1
307,1,1,0,17.0,1,0,108.9,C,First,1,0,C,Cherbourg,yes,0,"(15, 25]",1
308,0,2,1,30.0,1,0,24.0,C,Second,0,1,Unknown,Cherbourg,no,0,"(25, 35]",0
309,1,1,0,30.0,0,0,56.9292,C,First,1,0,E,Cherbourg,yes,1,"(25, 35]",1
310,1,1,0,24.0,0,0,83.1583,C,First,1,0,C,Cherbourg,yes,1,"(15, 25]",1
311,1,1,0,18.0,2,2,262.375,C,First,1,0,B,Cherbourg,yes,0,"(15, 25]",1
312,0,2,0,26.0,1,1,26.0,S,Second,1,0,Unknown,Southampton,no,0,"(25, 35]",1
313,0,3,1,28.0,0,0,7.8958,S,Third,0,1,Unknown,Southampton,no,1,"(25, 35]",0
314,0,2,1,43.0,1,1,26.25,S,Second,0,1,Unknown,Southampton,no,0,"(35, 45]",0
315,1,3,0,26.0,0,0,7.8542,S,Third,1,0,Unknown,Southampton,yes,1,"(25, 35]",0
316,1,2,0,24.0,1,0,26.0,S,Second,1,0,Unknown,Southampton,yes,0,"(15, 25]",1
317,0,2,1,54.0,0,0,14.0,S,Second,0,1,Unknown,Southampton,no,1,"(45, 60]",0
318,1,1,0,31.0,0,2,164.8667,S,First,1,0,C,Southampton,yes,0,"(25, 35]",1
319,1,1,0,40.0,1,1,134.5,C,First,1,0,E,Cherbourg,yes,0,"(35, 45]",1
320,0,3,1,22.0,0,0,7.25,S,Third,0,1,Unknown,Southampton,no,1,"(15, 25]",0
321,0,3,1,27.0,0,0,7.8958,S,Third,0,1,Unknown,Southampton,no,1,"(25, 35]",0
322,1,2,0,30.0,0,0,12.35,Q,Second,1,0,Unknown,Queenstown,yes,1,"(25, 35]",1
323,1,2,0,22.0,1,1,29.0,S,Second,1,0,Unknown,Southampton,yes,0,"(15, 25]",1
324,0,3,1,6.369518072289157,8,2,69.55,S,Third,0,1,Unknown,Southampton,no,0,"(0, 15]",0
325,1,1,0,36.0,0,0,135.6333,C,First,1,0,C,Cherbourg,yes,1,"(35, 45]",1
326,0,3,1,61.0,0,0,6.2375,S,Third,0,1,Unknown,Southampton,no,1,"(60, 80]",0
327,1,2,0,36.0,0,0,13.0,S,Second,1,0,D,Southampton,yes,1,"(35, 45]",1
328,1,3,0,31.0,1,1,20.525,S,Third,1,0,Unknown,Southampton,yes,0,"(25, 35]",0
329,1,1,0,16.0,0,1,57.9792,C,First,1,0,B,Cherbourg,yes,0,"(15, 25]",1
330,1,3,0,35.5,2,0,23.25,Q,Third,1,0,Unknown,Queenstown,yes,0,"(35, 45]",0
331,0,1,1,45.5,0,0,28.5,S,First,0,1,C,Southampton,no,1,"(45, 60]",0
332,0,1,1,38.0,0,1,153.4625,S,First,0,1,C,Southampton,no,0,"(35, 45]",0
333,0,3,1,16.0,2,0,18.0,S,Third,0,1,Unknown,Southampton,no,0,"(15, 25]",0
334,1,1,0,33.355555555555554,1,0,133.65,S,First,1,0,Unknown,Southampton,yes,0,"(25, 35]",1
335,0,3,1,32.973597359735976,0,0,7.8958,S,Third,0,1,Unknown,Southampton,no,1,"(25, 35]",0
336,0,1,1,29.0,1,0,66.6,S,First,0,1,C,Southampton,no,0,"(25, 35]",0
337,1,1,0,41.0,0,0,134.5,C,First,1,0,E,Cherbourg,yes,1,"(35, 45]",1
338,1,3,1,45.0,0,0,8.05,S,Third,0,1,Unknown,Southampton,yes,1,"(35, 45]",0
339,0,1,1,45.0,0,0,35.5,S,First,0,1,Unknown,Southampton,no,1,"(35, 45]",0
340,1,2,1,2.0,1,1,26.0,S,Second,3,0,F,Southampton,yes,0,"(0, 15]",0
341,1,1,0,24.0,3,2,263.0,S,First,1,0,C,Southampton,yes,0,"(15, 25]",1
342,0,2,1,28.0,0,0,13.0,S,Second,0,1,Unknown,Southampton,no,1,"(25, 35]",0
343,0,2,1,25.0,0,0,13.0,S,Second,0,1,Unknown,Southampton,no,1,"(15, 25]",0
344,0,2,1,36.0,0,0,13.0,S,Second,0,1,Unknown,Southampton,no,1,"(35, 45]",0
345,1,2,0,24.0,0,0,13.0,S,Second,1,0,F,Southampton,yes,1,"(15, 25]",1
346,1,2,0,40.0,0,0,13.0,S,Second,1,0,Unknown,Southampton,yes,1,"(35, 45]",1
347,1,3,0,33.355555555555554,1,0,16.1,S,Third,1,0,Unknown,Southampton,yes,0,"(25, 35]",0
348,1,3,1,3.0,1,1,15.9,S,Third,3,0,Unknown,Southampton,yes,0,"(0, 15]",0
349,0,3,1,42.0,0,0,8.6625,S,Third,0,1,Unknown,Southampton,no,1,"(35, 45]",0
350,0,3,1,23.0,0,0,9.225,S,Third,0,1,Unknown,Southampton,no,1,"(15, 25]",0
351,0,1,1,32.973597359735976,0,0,35.0,S,First,0,1,C,Southampton,no,1,"(25, 35]",0
352,0,3,1,15.0,1,1,7.2292,C,Third,3,0,Unknown,Cherbourg,no,0,"(0, 15]",0
353,0,3,1,25.0,1,0,17.8,S,Third,0,1,Unknown,Southampton,no,0,"(15, 25]",0
354,0,3,1,32.973597359735976,0,0,7.225,C,Third,0,1,Unknown,Cherbourg,no,1,"(25, 35]",0
355,0,3,1,28.0,0,0,9.5,S,Third,0,1,Unknown,Southampton,no,1,"(25, 35]",0
356,1,1,0,22.0,0,1,55.0,S,First,1,0,E,Southampton,yes,0,"(15, 25]",1
357,0,2,0,38.0,0,0,13.0,S,Second,1,0,Unknown,Southampton,no,1,"(35, 45]",1
358,1,3,0,31.08421052631579,0,0,7.8792,Q,Third,1,0,Unknown,Queenstown,yes,1,"(25, 35]",0
359,1,3,0,31.08421052631579,0,0,7.8792,Q,Third,1,0,Unknown,Queenstown,yes,1,"(25, 35]",0
360,0,3,1,40.0,1,4,27.9,S,Third,0,1,Unknown,Southampton,no,0,"(35, 45]",0
361,0,2,1,29.0,1,0,27.7208,C,Second,0,1,Unknown,Cherbourg,no,0,"(25, 35]",0
362,0,3,0,45.0,0,1,14.4542,C,Third,1,0,Unknown,Cherbourg,no,0,"(35, 45]",0
363,0,3,1,35.0,0,0,7.05,S,Third,0,1,Unknown,Southampton,no,1,"(25, 35]",0
364,0,3,1,32.70192307692308,1,0,15.5,Q,Third,0,1,Unknown,Queenstown,no,0,"(25, 35]",0
365,0,3,1,30.0,0,0,7.25,S,Third,0,1,Unknown,Southampton,no,1,"(25, 35]",0
366,1,1,0,60.0,1,0,75.25,C,First,1,0,D,Cherbourg,yes,0,"(45, 60]",1
367,1,3,0,31.08421052631579,0,0,7.2292,C,Third,1,0,Unknown,Cherbourg,yes,1,"(25, 35]",0
368,1,3,0,31.08421052631579,0,0,7.75,Q,Third,1,0,Unknown,Queenstown,yes,1,"(25, 35]",0
369,1,1,0,24.0,0,0,69.3,C,First,1,0,B,Cherbourg,yes,1,"(15, 25]",1
370,1,1,1,25.0,1,0,55.4417,C,First,0,1,E,Cherbourg,yes,0,"(15, 25]",0
371,0,3,1,18.0,1,0,6.4958,S,Third,0,1,Unknown,Southampton,no,0,"(15, 25]",0
372,0,3,1,19.0,0,0,8.05,S,Third,0,1,Unknown,Southampton,no,1,"(15, 25]",0
373,0,1,1,22.0,0,0,135.6333,C,First,0,1,Unknown,Cherbourg,no,1,"(15, 25]",0
374,0,3,0,3.0,3,1,21.075,S,Third,3,0,Unknown,Southampton,no,0,"(0, 15]",0
375,1,1,0,33.355555555555554,1,0,82.1708,C,First,1,0,Unknown,Cherbourg,yes,0,"(25, 35]",1
376,1,3,0,22.0,0,0,7.25,S,Third,1,0,Unknown,Southampton,yes,1,"(15, 25]",0
377,0,1,1,27.0,0,2,211.5,C,First,0,1,C,Cherbourg,no,0,"(25, 35]",0
378,0,3,1,20.0,0,0,4.0125,C,Third,0,1,Unknown,Cherbourg,no,1,"(15, 25]",0
379,0,3,1,19.0,0,0,7.775,S,Third,0,1,Unknown,Southampton,no,1,"(15, 25]",0
380,1,1,0,42.0,0,0,227.525,C,First,1,0,Unknown,Cherbourg,yes,1,"(35, 45]",1
381,1,3,0,1.0,0,2,15.7417,C,Third,3,0,Unknown,Cherbourg,yes,0,"(0, 15]",0
382,0,3,1,32.0,0,0,7.925,S,Third,0,1,Unknown,Southampton,no,1,"(25, 35]",0
383,1,1,0,35.0,1,0,52.0,S,First,1,0,Unknown,Southampton,yes,0,"(25, 35]",1
384,0,3,1,32.973597359735976,0,0,7.8958,S,Third,0,1,Unknown,Southampton,no,1,"(25, 35]",0
385,0,2,1,18.0,0,0,73.5,S,Second,0,1,Unknown,Southampton,no,1,"(15, 25]",0
386,0,3,1,1.0,5,2,46.9,S,Third,3,0,Unknown,Southampton,no,0,"(0, 15]",0
387,1,2,0,36.0,0,0,13.0,S,Second,1,0,Unknown,Southampton,yes,1,"(35, 45]",1
388,0,3,1,32.973597359735976,0,0,7.7292,Q,Third,0,1,Unknown,Queenstown,no,1,"(25, 35]",0
389,1,2,0,17.0,0,0,12.0,C,Second,1,0,Unknown,Cherbourg,yes,1,"(15, 25]",1
390,1,1,1,36.0,1,2,120.0,S,First,0,1,B,Southampton,yes,0,"(35, 45]",0
391,1,3,1,21.0,0,0,7.7958,S,Third,0,1,Unknown,Southampton,yes,1,"(15, 25]",0
392,0,3,1,28.0,2,0,7.925,S,Third,0,1,Unknown,Southampton,no,0,"(25, 35]",0
393,1,1,0,23.0,1,0,113.275,C,First,1,0,D,Cherbourg,yes,0,"(15, 25]",1
394,1,3,0,24.0,0,2,16.7,S,Third,1,0,G,Southampton,yes,0,"(15, 25]",0
395,0,3,1,22.0,0,0,7.7958,S,Third,0,1,Unknown,Southampton,no,1,"(15, 25]",0
396,0,3,0,31.0,0,0,7.8542,S,Third,1,0,Unknown,Southampton,no,1,"(25, 35]",0
397,0,2,1,46.0,0,0,26.0,S,Second,0,1,Unknown,Southampton,no,1,"(45, 60]",0
398,0,2,1,23.0,0,0,10.5,S,Second,0,1,Unknown,Southampton,no,1,"(15, 25]",0
399,1,2,0,28.0,0,0,12.65,S,Second,1,0,Unknown,Southampton,yes,1,"(25, 35]",1
400,1,3,1,39.0,0,0,7.925,S,Third,0,1,Unknown,Southampton,yes,1,"(35, 45]",0
401,0,3,1,26.0,0,0,8.05,S,Third,0,1,Unknown,Southampton,no,1,"(25, 35]",0
402,0,3,0,21.0,1,0,9.825,S,Third,1,0,Unknown,Southampton,no,0,"(15, 25]",0
403,0,3,1,28.0,1,0,15.85,S,Third,0,1,Unknown,Southampton,no,0,"(25, 35]",0
404,0,3,0,20.0,0,0,8.6625,S,Third,1,0,Unknown,Southampton,no,1,"(15, 25]",0
405,0,2,1,34.0,1,0,21.0,S,Second,0,1,Unknown,Southampton,no,0,"(25, 35]",0
406,0,3,1,51.0,0,0,7.75,S,Third,0,1,Unknown,Southampton,no,1,"(45, 60]",0
407,1,2,1,3.0,1,1,18.75,S,Second,3,0,Unknown,Southampton,yes,0,"(0, 15]",0
408,0,3,1,21.0,0,0,7.775,S,Third,0,1,Unknown,Southampton,no,1,"(15, 25]",0
409,0,3,0,4.333333333333333,3,1,25.4667,S,Third,1,0,Unknown,Southampton,no,0,"(0, 15]",0
410,0,3,1,32.973597359735976,0,0,7.8958,S,Third,0,1,Unknown,Southampton,no,1,"(25, 35]",0
411,0,3,1,32.973597359735976,0,0,6.8583,Q,Third,0,1,Unknown,Queenstown,no,1,"(25, 35]",0
412,1,1,0,33.0,1,0,90.0,Q,First,1,0,C,Queenstown,yes,0,"(25, 35]",1
413,0,2,1,32.973597359735976,0,0,0.0,S,Second,0,1,Unknown,Southampton,no,1,"(25, 35]",0
414,1,3,1,44.0,0,0,7.925,S,Third,0,1,Unknown,Southampton,yes,1,"(35, 45]",0
415,0,3,0,31.08421052631579,0,0,8.05,S,Third,1,0,Unknown,Southampton,no,1,"(25, 35]",0
416,1,2,0,34.0,1,1,32.5,S,Second,1,0,Unknown,Southampton,yes,0,"(25, 35]",1
417,1,2,0,18.0,0,2,13.0,S,Second,1,0,Unknown,Southampton,yes,0,"(15, 25]",1
418,0,2,1,30.0,0,0,13.0,S,Second,0,1,Unknown,Southampton,no,1,"(25, 35]",0
419,0,3,0,10.0,0,2,24.15,S,Third,3,0,Unknown,Southampton,no,0,"(0, 15]",0
420,0,3,1,32.973597359735976,0,0,7.8958,C,Third,0,1,Unknown,Cherbourg,no,1,"(25, 35]",0
421,0,3,1,21.0,0,0,7.7333,Q,Third,0,1,Unknown,Queenstown,no,1,"(15, 25]",0
422,0,3,1,29.0,0,0,7.875,S,Third,0,1,Unknown,Southampton,no,1,"(25, 35]",0
423,0,3,0,28.0,1,1,14.4,S,Third,1,0,Unknown,Southampton,no,0,"(25, 35]",0
424,0,3,1,18.0,1,1,20.2125,S,Third,0,1,Unknown,Southampton,no,0,"(15, 25]",0
425,0,3,1,32.973597359735976,0,0,7.25,S,Third,0,1,Unknown,Southampton,no,1,"(25, 35]",0
426,1,2,0,28.0,1,0,26.0,S,Second,1,0,Unknown,Southampton,yes,0,"(25, 35]",1
427,1,2,0,19.0,0,0,26.0,S,Second,1,0,Unknown,Southampton,yes,1,"(15, 25]",1
428,0,3,1,32.973597359735976,0,0,7.75,Q,Third,0,1,Unknown,Queenstown,no,1,"(25, 35]",0
429,1,3,1,32.0,0,0,8.05,S,Third,0,1,E,Southampton,yes,1,"(25, 35]",0
430,1,1,1,28.0,0,0,26.55,S,First,0,1,C,Southampton,yes,1,"(25, 35]",0
431,1,3,0,33.355555555555554,1,0,16.1,S,Third,1,0,Unknown,Southampton,yes,0,"(25, 35]",0
432,1,2,0,42.0,1,0,26.0,S,Second,1,0,Unknown,Southampton,yes,0,"(35, 45]",1
433,0,3,1,17.0,0,0,7.125,S,Third,0,1,Unknown,Southampton,no,1,"(15, 25]",0
434,0,1,1,50.0,1,0,55.9,S,First,0,1,E,Southampton,no,0,"(45, 60]",0
435,1,1,0,14.0,1,2,120.0,S,First,3,0,B,Southampton,yes,0,"(0, 15]",1
436,0,3,0,21.0,2,2,34.375,S,Third,1,0,Unknown,Southampton,no,0,"(15, 25]",0
437,1,2,0,24.0,2,3,18.75,S,Second,1,0,Unknown,Southampton,yes,0,"(15, 25]",1
438,0,1,1,64.0,1,4,263.0,S,First,0,1,C,Southampton,no,0,"(60, 80]",0
439,0,2,1,31.0,0,0,10.5,S,Second,0,1,Unknown,Southampton,no,1,"(25, 35]",0
440,1,2,0,45.0,1,1,26.25,S,Second,1,0,Unknown,Southampton,yes,0,"(35, 45]",1
441,0,3,1,20.0,0,0,9.5,S,Third,0,1,Unknown,Southampton,no,1,"(15, 25]",0
442,0,3,1,25.0,1,0,7.775,S,Third,0,1,Unknown,Southampton,no,0,"(15, 25]",0
443,1,2,0,28.0,0,0,13.0,S,Second,1,0,Unknown,Southampton,yes,1,"(25, 35]",1
444,1,3,1,32.973597359735976,0,0,8.1125,S,Third,0,1,Unknown,Southampton,yes,1,"(25, 35]",0
445,1,1,1,4.0,0,2,81.8583,S,First,3,0,A,Southampton,yes,0,"(0, 15]",0
446,1,2,0,13.0,0,1,19.5,S,Second,3,0,Unknown,Southampton,yes,0,"(0, 15]",1
447,1,1,1,34.0,0,0,26.55,S,First,0,1,Unknown,Southampton,yes,1,"(25, 35]",0
448,1,3,0,5.0,2,1,19.2583,C,Third,3,0,Unknown,Cherbourg,yes,0,"(0, 15]",0
449,1,1,1,52.0,0,0,30.5,S,First,0,1,C,Southampton,yes,1,"(45, 60]",0
450,0,2,1,36.0,1,2,27.75,S,Second,0,1,Unknown,Southampton,no,0,"(35, 45]",0
451,0,3,1,32.70192307692308,1,0,19.9667,S,Third,0,1,Unknown,Southampton,no,0,"(25, 35]",0
452,0,1,1,30.0,0,0,27.75,C,First,0,1,C,Cherbourg,no,1,"(25, 35]",0
453,1,1,1,49.0,1,0,89.1042,C,First,0,1,C,Cherbourg,yes,0,"(45, 60]",0
454,0,3,1,32.973597359735976,0,0,8.05,S,Third,0,1,Unknown,Southampton,no,1,"(25, 35]",0
455,1,3,1,29.0,0,0,7.8958,C,Third,0,1,Unknown,Cherbourg,yes,1,"(25, 35]",0
456,0,1,1,65.0,0,0,26.55,S,First,0,1,E,Southampton,no,1,"(60, 80]",0
457,1,1,0,33.355555555555554,1,0,51.8625,S,First,1,0,D,Southampton,yes,0,"(25, 35]",1
458,1,2,0,50.0,0,0,10.5,S,Second,1,0,Unknown,Southampton,yes,1,"(45, 60]",1
459,0,3,1,32.973597359735976,0,0,7.75,Q,Third,0,1,Unknown,Queenstown,no,1,"(25, 35]",0
460,1,1,1,48.0,0,0,26.55,S,First,0,1,E,Southampton,yes,1,"(45, 60]",0
461,0,3,1,34.0,0,0,8.05,S,Third,0,1,Unknown,Southampton,no,1,"(25, 35]",0
462,0,1,1,47.0,0,0,38.5,S,First,0,1,E,Southampton,no,1,"(45, 60]",0
463,0,2,1,48.0,0,0,13.0,S,Second,0,1,Unknown,Southampton,no,1,"(45, 60]",0
464,0,3,1,32.973597359735976,0,0,8.05,S,Third,0,1,Unknown,Southampton,no,1,"(25, 35]",0
465,0,3,1,38.0,0,0,7.05,S,Third,0,1,Unknown,Southampton,no,1,"(35, 45]",0
466,0,2,1,32.973597359735976,0,0,0.0,S,Second,0,1,Unknown,Southampton,no,1,"(25, 35]",0
467,0,1,1,56.0,0,0,26.55,S,First,0,1,Unknown,Southampton,no,1,"(45, 60]",0
468,0,3,1,32.973597359735976,0,0,7.725,Q,Third,0,1,Unknown,Queenstown,no,1,"(25, 35]",0
469,1,3,0,0.75,2,1,19.2583,C,Third,3,0,Unknown,Cherbourg,yes,0,"(0, 15]",0
470,0,3,1,32.973597359735976,0,0,7.25,S,Third,0,1,Unknown,Southampton,no,1,"(25, 35]",0
471,0,3,1,38.0,0,0,8.6625,S,Third,0,1,Unknown,Southampton,no,1,"(35, 45]",0
472,1,2,0,33.0,1,2,27.75,S,Second,1,0,Unknown,Southampton,yes,0,"(25, 35]",1
473,1,2,0,23.0,0,0,13.7917,C,Second,1,0,D,Cherbourg,yes,1,"(15, 25]",1
474,0,3,0,22.0,0,0,9.8375,S,Third,1,0,Unknown,Southampton,no,1,"(15, 25]",0
475,0,1,1,32.973597359735976,0,0,52.0,S,First,0,1,A,Southampton,no,1,"(25, 35]",0
476,0,2,1,34.0,1,0,21.0,S,Second,0,1,Unknown,Southampton,no,0,"(25, 35]",0
477,0,3,1,29.0,1,0,7.0458,S,Third,0,1,Unknown,Southampton,no,0,"(25, 35]",0
478,0,3,1,22.0,0,0,7.5208,S,Third,0,1,Unknown,Southampton,no,1,"(15, 25]",0
479,1,3,0,2.0,0,1,12.2875,S,Third,3,0,Unknown,Southampton,yes,0,"(0, 15]",0
480,0,3,1,9.0,5,2,46.9,S,Third,3,0,Unknown,Southampton,no,0,"(0, 15]",0
481,0,2,1,32.973597359735976,0,0,0.0,S,Second,0,1,Unknown,Southampton,no,1,"(25, 35]",0
482,0,3,1,50.0,0,0,8.05,S,Third,0,1,Unknown,Southampton,no,1,"(45, 60]",0
483,1,3,0,63.0,0,0,9.5875,S,Third,1,0,Unknown,Southampton,yes,1,"(60, 80]",0
484,1,1,1,25.0,1,0,91.0792,C,First,0,1,B,Cherbourg,yes,0,"(15, 25]",0
485,0,3,0,4.333333333333333,3,1,25.4667,S,Third,1,0,Unknown,Southampton,no,0,"(0, 15]",0
486,1,1,0,35.0,1,0,90.0,S,First,1,0,C,Southampton,yes,0,"(25, 35]",1
487,0,1,1,58.0,0,0,29.7,C,First,0,1,B,Cherbourg,no,1,"(45, 60]",0
488,0,3,1,30.0,0,0,8.05,S,Third,0,1,Unknown,Southampton,no,1,"(25, 35]",0
489,1,3,1,9.0,1,1,15.9,S,Third,3,0,Unknown,Southampton,yes,0,"(0, 15]",0
490,0,3,1,32.70192307692308,1,0,19.9667,S,Third,0,1,Unknown,Southampton,no,0,"(25, 35]",0
491,0,3,1,21.0,0,0,7.25,S,Third,0,1,Unknown,Southampton,no,1,"(15, 25]",0
492,0,1,1,55.0,0,0,30.5,S,First,0,1,C,Southampton,no,1,"(45, 60]",0
493,0,1,1,71.0,0,0,49.5042,C,First,0,1,Unknown,Cherbourg,no,1,"(60, 80]",0
494,0,3,1,21.0,0,0,8.05,S,Third,0,1,Unknown,Southampton,no,1,"(15, 25]",0
495,0,3,1,32.973597359735976,0,0,14.4583,C,Third,0,1,Unknown,Cherbourg,no,1,"(25, 35]",0
496,1,1,0,54.0,1,0,78.2667,C,First,1,0,D,Cherbourg,yes,0,"(45, 60]",1
497,0,3,1,32.973597359735976,0,0,15.1,S,Third,0,1,Unknown,Southampton,no,1,"(25, 35]",0
498,0,1,0,25.0,1,2,151.55,S,First,1,0,C,Southampton,no,0,"(15, 25]",1
499,0,3,1,24.0,0,0,7.7958,S,Third,0,1,Unknown,Southampton,no,1,"(15, 25]",0
500,0,3,1,17.0,0,0,8.6625,S,Third,0,1,Unknown,Southampton,no,1,"(15, 25]",0
501,0,3,0,21.0,0,0,7.75,Q,Third,1,0,Unknown,Queenstown,no,1,"(15, 25]",0
502,0,3,0,31.08421052631579,0,0,7.6292,Q,Third,1,0,Unknown,Queenstown,no,1,"(25, 35]",0
503,0,3,0,37.0,0,0,9.5875,S,Third,1,0,Unknown,Southampton,no,1,"(35, 45]",0
504,1,1,0,16.0,0,0,86.5,S,First,1,0,B,Southampton,yes,1,"(15, 25]",1
505,0,1,1,18.0,1,0,108.9,C,First,0,1,C,Cherbourg,no,0,"(15, 25]",0
506,1,2,0,33.0,0,2,26.0,S,Second,1,0,Unknown,Southampton,yes,0,"(25, 35]",1
507,1,1,1,32.973597359735976,0,0,26.55,S,First,0,1,Unknown,Southampton,yes,1,"(25, 35]",0
508,0,3,1,28.0,0,0,22.525,S,Third,0,1,Unknown,Southampton,no,1,"(25, 35]",0
509,1,3,1,26.0,0,0,56.4958,S,Third,0,1,Unknown,Southampton,yes,1,"(25, 35]",0
510,1,3,1,29.0,0,0,7.75,Q,Third,0,1,Unknown,Queenstown,yes,1,"(25, 35]",0
511,0,3,1,32.973597359735976,0,0,8.05,S,Third,0,1,Unknown,Southampton,no,1,"(25, 35]",0
512,1,1,1,36.0,0,0,26.2875,S,First,0,1,E,Southampton,yes,1,"(35, 45]",0
513,1,1,0,54.0,1,0,59.4,C,First,1,0,Unknown,Cherbourg,yes,0,"(45, 60]",1
514,0,3,1,24.0,0,0,7.4958,S,Third,0,1,Unknown,Southampton,no,1,"(15, 25]",0
515,0,1,1,47.0,0,0,34.0208,S,First,0,1,D,Southampton,no,1,"(45, 60]",0
516,1,2,0,34.0,0,0,10.5,S,Second,1,0,F,Southampton,yes,1,"(25, 35]",1
517,0,3,1,32.973597359735976,0,0,24.15,Q,Third,0,1,Unknown,Queenstown,no,1,"(25, 35]",0
518,1,2,0,36.0,1,0,26.0,S,Second,1,0,Unknown,Southampton,yes,0,"(35, 45]",1
519,0,3,1,32.0,0,0,7.8958,S,Third,0,1,Unknown,Southampton,no,1,"(25, 35]",0
520,1,1,0,30.0,0,0,93.5,S,First,1,0,B,Southampton,yes,1,"(25, 35]",1
521,0,3,1,22.0,0,0,7.8958,S,Third,0,1,Unknown,Southampton,no,1,"(15, 25]",0
522,0,3,1,32.973597359735976,0,0,7.225,C,Third,0,1,Unknown,Cherbourg,no,1,"(25, 35]",0
523,1,1,0,44.0,0,1,57.9792,C,First,1,0,B,Cherbourg,yes,0,"(35, 45]",1
524,0,3,1,32.973597359735976,0,0,7.2292,C,Third,0,1,Unknown,Cherbourg,no,1,"(25, 35]",0
525,0,3,1,40.5,0,0,7.75,Q,Third,0,1,Unknown,Queenstown,no,1,"(35, 45]",0
526,1,2,0,50.0,0,0,10.5,S,Second,1,0,Unknown,Southampton,yes,1,"(45, 60]",1
527,0,1,1,32.973597359735976,0,0,221.7792,S,First,0,1,C,Southampton,no,1,"(25, 35]",0
528,0,3,1,39.0,0,0,7.925,S,Third,0,1,Unknown,Southampton,no,1,"(35, 45]",0
529,0,2,1,23.0,2,1,11.5,S,Second,0,1,Unknown,Southampton,no,0,"(15, 25]",0
530,1,2,0,2.0,1,1,26.0,S,Second,3,0,Unknown,Southampton,yes,0,"(0, 15]",1
531,0,3,1,32.973597359735976,0,0,7.2292,C,Third,0,1,Unknown,Cherbourg,no,1,"(25, 35]",0
532,0,3,1,17.0,1,1,7.2292,C,Third,0,1,Unknown,Cherbourg,no,0,"(15, 25]",0
533,1,3,0,26.833333333333332,0,2,22.3583,C,Third,1,0,Unknown,Cherbourg,yes,0,"(25, 35]",0
534,0,3,0,30.0,0,0,8.6625,S,Third,1,0,Unknown,Southampton,no,1,"(25, 35]",0
535,1,2,0,7.0,0,2,26.25,S,Second,3,0,Unknown,Southampton,yes,0,"(0, 15]",1
536,0,1,1,45.0,0,0,26.55,S,First,0,1,B,Southampton,no,1,"(35, 45]",0
537,1,1,0,30.0,0,0,106.425,C,First,1,0,Unknown,Cherbourg,yes,1,"(25, 35]",1
538,0,3,1,32.973597359735976,0,0,14.5,S,Third,0,1,Unknown,Southampton,no,1,"(25, 35]",0
539,1,1,0,22.0,0,2,49.5,C,First,1,0,B,Cherbourg,yes,0,"(15, 25]",1
540,1,1,0,36.0,0,2,71.0,S,First,1,0,B,Southampton,yes,0,"(35, 45]",1
541,0,3,0,9.0,4,2,31.275,S,Third,3,0,Unknown,Southampton,no,0,"(0, 15]",0
542,0,3,0,11.0,4,2,31.275,S,Third,3,0,Unknown,Southampton,no,0,"(0, 15]",0
543,1,2,1,32.0,1,0,26.0,S,Second,0,1,Unknown,Southampton,yes,0,"(25, 35]",0
544,0,1,1,50.0,1,0,106.425,C,First,0,1,C,Cherbourg,no,0,"(45, 60]",0
545,0,1,1,64.0,0,0,26.0,S,First,0,1,Unknown,Southampton,no,1,"(60, 80]",0
546,1,2,0,19.0,1,0,26.0,S,Second,1,0,Unknown,Southampton,yes,0,"(15, 25]",1
547,1,2,1,32.973597359735976,0,0,13.8625,C,Second,0,1,Unknown,Cherbourg,yes,1,"(25, 35]",0
548,0,3,1,33.0,1,1,20.525,S,Third,0,1,Unknown,Southampton,no,0,"(25, 35]",0
549,1,2,1,8.0,1,1,36.75,S,Second,3,0,Unknown,Southampton,yes,0,"(0, 15]",0
550,1,1,1,17.0,0,2,110.8833,C,First,0,1,C,Cherbourg,yes,0,"(15, 25]",0
551,0,2,1,27.0,0,0,26.0,S,Second,0,1,Unknown,Southampton,no,1,"(25, 35]",0
552,0,3,1,32.973597359735976,0,0,7.8292,Q,Third,0,1,Unknown,Queenstown,no,1,"(25, 35]",0
553,1,3,1,22.0,0,0,7.225,C,Third,0,1,Unknown,Cherbourg,yes,1,"(15, 25]",0
554,1,3,0,22.0,0,0,7.775,S,Third,1,0,Unknown,Southampton,yes,1,"(15, 25]",0
555,0,1,1,62.0,0,0,26.55,S,First,0,1,Unknown,Southampton,no,1,"(60, 80]",0
556,1,1,0,48.0,1,0,39.6,C,First,1,0,A,Cherbourg,yes,0,"(45, 60]",1
557,0,1,1,32.973597359735976,0,0,227.525,C,First,0,1,Unknown,Cherbourg,no,1,"(25, 35]",0
558,1,1,0,39.0,1,1,79.65,S,First,1,0,E,Southampton,yes,0,"(35, 45]",1
559,1,3,0,36.0,1,0,17.4,S,Third,1,0,Unknown,Southampton,yes,0,"(35, 45]",0
560,0,3,1,32.973597359735976,0,0,7.75,Q,Third,0,1,Unknown,Queenstown,no,1,"(25, 35]",0
561,0,3,1,40.0,0,0,7.8958,S,Third,0,1,Unknown,Southampton,no,1,"(35, 45]",0
562,0,2,1,28.0,0,0,13.5,S,Second,0,1,Unknown,Southampton,no,1,"(25, 35]",0
563,0,3,1,32.973597359735976,0,0,8.05,S,Third,0,1,Unknown,Southampton,no,1,"(25, 35]",0
564,0,3,0,31.08421052631579,0,0,8.05,S,Third,1,0,Unknown,Southampton,no,1,"(25, 35]",0
565,0,3,1,24.0,2,0,24.15,S,Third,0,1,Unknown,Southampton,no,0,"(15, 25]",0
566,0,3,1,19.0,0,0,7.8958,S,Third,0,1,Unknown,Southampton,no,1,"(15, 25]",0
567,0,3,0,29.0,0,4,21.075,S,Third,1,0,Unknown,Southampton,no,0,"(25, 35]",0
568,0,3,1,32.973597359735976,0,0,7.2292,C,Third,0,1,Unknown,Cherbourg,no,1,"(25, 35]",0
569,1,3,1,32.0,0,0,7.8542,S,Third,0,1,Unknown,Southampton,yes,1,"(25, 35]",0
570,1,2,1,62.0,0,0,10.5,S,Second,0,1,Unknown,Southampton,yes,1,"(60, 80]",0
571,1,1,0,53.0,2,0,51.4792,S,First,1,0,C,Southampton,yes,0,"(45, 60]",1
572,1,1,1,36.0,0,0,26.3875,S,First,0,1,E,Southampton,yes,1,"(35, 45]",0
573,1,3,0,31.08421052631579,0,0,7.75,Q,Third,1,0,Unknown,Queenstown,yes,1,"(25, 35]",0
574,0,3,1,16.0,0,0,8.05,S,Third,0,1,Unknown,Southampton,no,1,"(15, 25]",0
575,0,3,1,19.0,0,0,14.5,S,Third,0,1,Unknown,Southampton,no,1,"(15, 25]",0
576,1,2,0,34.0,0,0,13.0,S,Second,1,0,Unknown,Southampton,yes,1,"(25, 35]",1
577,1,1,0,39.0,1,0,55.9,S,First,1,0,E,Southampton,yes,0,"(35, 45]",1
578,0,3,0,33.355555555555554,1,0,14.4583,C,Third,1,0,Unknown,Cherbourg,no,0,"(25, 35]",0
579,1,3,1,32.0,0,0,7.925,S,Third,0,1,Unknown,Southampton,yes,1,"(25, 35]",0
580,1,2,0,25.0,1,1,30.0,S,Second,1,0,Unknown,Southampton,yes,0,"(15, 25]",1
581,1,1,0,39.0,1,1,110.8833,C,First,1,0,C,Cherbourg,yes,0,"(35, 45]",1
582,0,2,1,54.0,0,0,26.0,S,Second,0,1,Unknown,Southampton,no,1,"(45, 60]",0
583,0,1,1,36.0,0,0,40.125,C,First,0,1,A,Cherbourg,no,1,"(35, 45]",0
584,0,3,1,32.973597359735976,0,0,8.7125,C,Third,0,1,Unknown,Cherbourg,no,1,"(25, 35]",0
585,1,1,0,18.0,0,2,79.65,S,First,1,0,E,Southampton,yes,0,"(15, 25]",1
586,0,2,1,47.0,0,0,15.0,S,Second,0,1,Unknown,Southampton,no,1,"(45, 60]",0
587,1,1,1,60.0,1,1,79.2,C,First,0,1,B,Cherbourg,yes,0,"(45, 60]",0
588,0,3,1,22.0,0,0,8.05,S,Third,0,1,Unknown,Southampton,no,1,"(15, 25]",0
589,0,3,1,32.973597359735976,0,0,8.05,S,Third,0,1,Unknown,Southampton,no,1,"(25, 35]",0
590,0,3,1,35.0,0,0,7.125,S,Third,0,1,Unknown,Southampton,no,1,"(25, 35]",0
591,1,1,0,52.0,1,0,78.2667,C,First,1,0,D,Cherbourg,yes,0,"(45, 60]",1
592,0,3,1,47.0,0,0,7.25,S,Third,0,1,Unknown,Southampton,no,1,"(45, 60]",0
593,0,3,0,26.833333333333332,0,2,7.75,Q,Third,1,0,Unknown,Queenstown,no,0,"(25, 35]",0
594,0,2,1,37.0,1,0,26.0,S,Second,0,1,Unknown,Southampton,no,0,"(35, 45]",0
595,0,3,1,36.0,1,1,24.15,S,Third,0,1,Unknown,Southampton,no,0,"(35, 45]",0
596,1,2,0,31.08421052631579,0,0,33.0,S,Second,1,0,Unknown,Southampton,yes,1,"(25, 35]",1
597,0,3,1,49.0,0,0,0.0,S,Third,0,1,Unknown,Southampton,no,1,"(45, 60]",0
598,0,3,1,32.973597359735976,0,0,7.225,C,Third,0,1,Unknown,Cherbourg,no,1,"(25, 35]",0
599,1,1,1,49.0,1,0,56.9292,C,First,0,1,A,Cherbourg,yes,0,"(45, 60]",0
600,1,2,0,24.0,2,1,27.0,S,Second,1,0,Unknown,Southampton,yes,0,"(15, 25]",1
601,0,3,1,32.973597359735976,0,0,7.8958,S,Third,0,1,Unknown,Southampton,no,1,"(25, 35]",0
602,0,1,1,32.973597359735976,0,0,42.4,S,First,0,1,Unknown,Southampton,no,1,"(25, 35]",0
603,0,3,1,44.0,0,0,8.05,S,Third,0,1,Unknown,Southampton,no,1,"(35, 45]",0
604,1,1,1,35.0,0,0,26.55,C,First,0,1,Unknown,Cherbourg,yes,1,"(25, 35]",0
605,0,3,1,36.0,1,0,15.55,S,Third,0,1,Unknown,Southampton,no,0,"(35, 45]",0
606,0,3,1,30.0,0,0,7.8958,S,Third,0,1,Unknown,Southampton,no,1,"(25, 35]",0
607,1,1,1,27.0,0,0,30.5,S,First,0,1,Unknown,Southampton,yes,1,"(25, 35]",0
608,1,2,0,22.0,1,2,41.5792,C,Second,1,0,Unknown,Cherbourg,yes,0,"(15, 25]",1
609,1,1,0,40.0,0,0,153.4625,S,First,1,0,C,Southampton,yes,1,"(35, 45]",1
610,0,3,0,39.0,1,5,31.275,S,Third,1,0,Unknown,Southampton,no,0,"(35, 45]",0
611,0,3,1,32.973597359735976,0,0,7.05,S,Third,0,1,Unknown,Southampton,no,1,"(25, 35]",0
612,1,3,0,33.355555555555554,1,0,15.5,Q,Third,1,0,Unknown,Queenstown,yes,0,"(25, 35]",0
613,0,3,1,32.973597359735976,0,0,7.75,Q,Third,0,1,Unknown,Queenstown,no,1,"(25, 35]",0
614,0,3,1,35.0,0,0,8.05,S,Third,0,1,Unknown,Southampton,no,1,"(25, 35]",0
615,1,2,0,24.0,1,2,65.0,S,Second,1,0,Unknown,Southampton,yes,0,"(15, 25]",1
616,0,3,1,34.0,1,1,14.4,S,Third,0,1,Unknown,Southampton,no,0,"(25, 35]",0
617,0,3,0,26.0,1,0,16.1,S,Third,1,0,Unknown,Southampton,no,0,"(25, 35]",0
618,1,2,0,4.0,2,1,39.0,S,Second,3,0,F,Southampton,yes,0,"(0, 15]",1
619,0,2,1,26.0,0,0,10.5,S,Second,0,1,Unknown,Southampton,no,1,"(25, 35]",0
620,0,3,1,27.0,1,0,14.4542,C,Third,0,1,Unknown,Cherbourg,no,0,"(25, 35]",0
621,1,1,1,42.0,1,0,52.5542,S,First,0,1,D,Southampton,yes,0,"(35, 45]",0
622,1,3,1,20.0,1,1,15.7417,C,Third,0,1,Unknown,Cherbourg,yes,0,"(15, 25]",0
623,0,3,1,21.0,0,0,7.8542,S,Third,0,1,Unknown,Southampton,no,1,"(15, 25]",0
624,0,3,1,21.0,0,0,16.1,S,Third,0,1,Unknown,Southampton,no,1,"(15, 25]",0
625,0,1,1,61.0,0,0,32.3208,S,First,0,1,D,Southampton,no,1,"(60, 80]",0
626,0,2,1,57.0,0,0,12.35,Q,Second,0,1,Unknown,Queenstown,no,1,"(45, 60]",0
627,1,1,0,21.0,0,0,77.9583,S,First,1,0,D,Southampton,yes,1,"(15, 25]",1
628,0,3,1,26.0,0,0,7.8958,S,Third,0,1,Unknown,Southampton,no,1,"(25, 35]",0
629,0,3,1,32.973597359735976,0,0,7.7333,Q,Third,0,1,Unknown,Queenstown,no,1,"(25, 35]",0
630,1,1,1,80.0,0,0,30.0,S,First,0,1,A,Southampton,yes,1,"(60, 80]",0
631,0,3,1,51.0,0,0,7.0542,S,Third,0,1,Unknown,Southampton,no,1,"(45, 60]",0
632,1,1,1,32.0,0,0,30.5,C,First,0,1,B,Cherbourg,yes,1,"(25, 35]",0
633,0,1,1,32.973597359735976,0,0,0.0,S,First,0,1,Unknown,Southampton,no,1,"(25, 35]",0
634,0,3,0,9.0,3,2,27.9,S,Third,3,0,Unknown,Southampton,no,0,"(0, 15]",0
635,1,2,0,28.0,0,0,13.0,S,Second,1,0,Unknown,Southampton,yes,1,"(25, 35]",1
636,0,3,1,32.0,0,0,7.925,S,Third,0,1,Unknown,Southampton,no,1,"(25, 35]",0
637,0,2,1,31.0,1,1,26.25,S,Second,0,1,Unknown,Southampton,no,0,"(25, 35]",0
638,0,3,0,41.0,0,5,39.6875,S,Third,1,0,Unknown,Southampton,no,0,"(35, 45]",0
639,0,3,1,32.70192307692308,1,0,16.1,S,Third,0,1,Unknown,Southampton,no,0,"(25, 35]",0
640,0,3,1,20.0,0,0,7.8542,S,Third,0,1,Unknown,Southampton,no,1,"(15, 25]",0
641,1,1,0,24.0,0,0,69.3,C,First,1,0,B,Cherbourg,yes,1,"(15, 25]",1
642,0,3,0,2.0,3,2,27.9,S,Third,3,0,Unknown,Southampton,no,0,"(0, 15]",0
643,1,3,1,32.973597359735976,0,0,56.4958,S,Third,0,1,Unknown,Southampton,yes,1,"(25, 35]",0
644,1,3,0,0.75,2,1,19.2583,C,Third,3,0,Unknown,Cherbourg,yes,0,"(0, 15]",0
645,1,1,1,48.0,1,0,76.7292,C,First,0,1,D,Cherbourg,yes,0,"(45, 60]",0
646,0,3,1,19.0,0,0,7.8958,S,Third,0,1,Unknown,Southampton,no,1,"(15, 25]",0
647,1,1,1,56.0,0,0,35.5,C,First,0,1,A,Cherbourg,yes,1,"(45, 60]",0
648,0,3,1,32.973597359735976,0,0,7.55,S,Third,0,1,Unknown,Southampton,no,1,"(25, 35]",0
649,1,3,0,23.0,0,0,7.55,S,Third,1,0,Unknown,Southampton,yes,1,"(15, 25]",0
650,0,3,1,32.973597359735976,0,0,7.8958,S,Third,0,1,Unknown,Southampton,no,1,"(25, 35]",0
651,1,2,0,18.0,0,1,23.0,S,Second,1,0,Unknown,Southampton,yes,0,"(15, 25]",1
652,0,3,1,21.0,0,0,8.4333,S,Third,0,1,Unknown,Southampton,no,1,"(15, 25]",0
653,1,3,0,31.08421052631579,0,0,7.8292,Q,Third,1,0,Unknown,Queenstown,yes,1,"(25, 35]",0
654,0,3,0,18.0,0,0,6.75,Q,Third,1,0,Unknown,Queenstown,no,1,"(15, 25]",0
655,0,2,1,24.0,2,0,73.5,S,Second,0,1,Unknown,Southampton,no,0,"(15, 25]",0
656,0,3,1,32.973597359735976,0,0,7.8958,S,Third,0,1,Unknown,Southampton,no,1,"(25, 35]",0
657,0,3,0,32.0,1,1,15.5,Q,Third,1,0,Unknown,Queenstown,no,0,"(25, 35]",0
658,0,2,1,23.0,0,0,13.0,S,Second,0,1,Unknown,Southampton,no,1,"(15, 25]",0
659,0,1,1,58.0,0,2,113.275,C,First,0,1,D,Cherbourg,no,0,"(45, 60]",0
660,1,1,1,50.0,2,0,133.65,S,First,0,1,Unknown,Southampton,yes,0,"(45, 60]",0
661,0,3,1,40.0,0,0,7.225,C,Third,0,1,Unknown,Cherbourg,no,1,"(35, 45]",0
662,0,1,1,47.0,0,0,25.5875,S,First,0,1,E,Southampton,no,1,"(45, 60]",0
663,0,3,1,36.0,0,0,7.4958,S,Third,0,1,Unknown,Southampton,no,1,"(35, 45]",0
664,1,3,1,20.0,1,0,7.925,S,Third,0,1,Unknown,Southampton,yes,0,"(15, 25]",0
665,0,2,1,32.0,2,0,73.5,S,Second,0,1,Unknown,Southampton,no,0,"(25, 35]",0
666,0,2,1,25.0,0,0,13.0,S,Second,0,1,Unknown,Southampton,no,1,"(15, 25]",0
667,0,3,1,32.973597359735976,0,0,7.775,S,Third,0,1,Unknown,Southampton,no,1,"(25, 35]",0
668,0,3,1,43.0,0,0,8.05,S,Third,0,1,Unknown,Southampton,no,1,"(35, 45]",0
669,1,1,0,33.355555555555554,1,0,52.0,S,First,1,0,C,Southampton,yes,0,"(25, 35]",1
670,1,2,0,40.0,1,1,39.0,S,Second,1,0,Unknown,Southampton,yes,0,"(35, 45]",1
671,0,1,1,31.0,1,0,52.0,S,First,0,1,B,Southampton,no,0,"(25, 35]",0
672,0,2,1,70.0,0,0,10.5,S,Second,0,1,Unknown,Southampton,no,1,"(60, 80]",0
673,1,2,1,31.0,0,0,13.0,S,Second,0,1,Unknown,Southampton,yes,1,"(25, 35]",0
674,0,2,1,32.973597359735976,0,0,0.0,S,Second,0,1,Unknown,Southampton,no,1,"(25, 35]",0
675,0,3,1,18.0,0,0,7.775,S,Third,0,1,Unknown,Southampton,no,1,"(15, 25]",0
676,0,3,1,24.5,0,0,8.05,S,Third,0,1,Unknown,Southampton,no,1,"(15, 25]",0
677,1,3,0,18.0,0,0,9.8417,S,Third,1,0,Unknown,Southampton,yes,1,"(15, 25]",0
678,0,3,0,43.0,1,6,46.9,S,Third,1,0,Unknown,Southampton,no,0,"(35, 45]",0
679,1,1,1,36.0,0,1,512.3292,C,First,0,1,B,Cherbourg,yes,0,"(35, 45]",0
680,0,3,0,31.08421052631579,0,0,8.1375,Q,Third,1,0,Unknown,Queenstown,no,1,"(25, 35]",0
681,1,1,1,27.0,0,0,76.7292,C,First,0,1,D,Cherbourg,yes,1,"(25, 35]",0
682,0,3,1,20.0,0,0,9.225,S,Third,0,1,Unknown,Southampton,no,1,"(15, 25]",0
683,0,3,1,14.0,5,2,46.9,S,Third,3,0,Unknown,Southampton,no,0,"(0, 15]",0
684,0,2,1,60.0,1,1,39.0,S,Second,0,1,Unknown,Southampton,no,0,"(45, 60]",0
685,0,2,1,25.0,1,2,41.5792,C,Second,0,1,Unknown,Cherbourg,no,0,"(15, 25]",0
686,0,3,1,14.0,4,1,39.6875,S,Third,3,0,Unknown,Southampton,no,0,"(0, 15]",0
687,0,3,1,19.0,0,0,10.1708,S,Third,0,1,Unknown,Southampton,no,1,"(15, 25]",0
688,0,3,1,18.0,0,0,7.7958,S,Third,0,1,Unknown,Southampton,no,1,"(15, 25]",0
689,1,1,0,15.0,0,1,211.3375,S,First,3,0,B,Southampton,yes,0,"(0, 15]",1
690,1,1,1,31.0,1,0,57.0,S,First,0,1,B,Southampton,yes,0,"(25, 35]",0
691,1,3,0,4.0,0,1,13.4167,C,Third,3,0,Unknown,Cherbourg,yes,0,"(0, 15]",0
692,1,3,1,32.973597359735976,0,0,56.4958,S,Third,0,1,Unknown,Southampton,yes,1,"(25, 35]",0
693,0,3,1,25.0,0,0,7.225,C,Third,0,1,Unknown,Cherbourg,no,1,"(15, 25]",0
694,0,1,1,60.0,0,0,26.55,S,First,0,1,Unknown,Southampton,no,1,"(45, 60]",0
695,0,2,1,52.0,0,0,13.5,S,Second,0,1,Unknown,Southampton,no,1,"(45, 60]",0
696,0,3,1,44.0,0,0,8.05,S,Third,0,1,Unknown,Southampton,no,1,"(35, 45]",0
697,1,3,0,31.08421052631579,0,0,7.7333,Q,Third,1,0,Unknown,Queenstown,yes,1,"(25, 35]",0
698,0,1,1,49.0,1,1,110.8833,C,First,0,1,C,Cherbourg,no,0,"(45, 60]",0
699,0,3,1,42.0,0,0,7.65,S,Third,0,1,F,Southampton,no,1,"(35, 45]",0
700,1,1,0,18.0,1,0,227.525,C,First,1,0,C,Cherbourg,yes,0,"(15, 25]",1
701,1,1,1,35.0,0,0,26.2875,S,First,0,1,E,Southampton,yes,1,"(25, 35]",0
702,0,3,0,18.0,0,1,14.4542,C,Third,1,0,Unknown,Cherbourg,no,0,"(15, 25]",0
703,0,3,1,25.0,0,0,7.7417,Q,Third,0,1,Unknown,Queenstown,no,1,"(15, 25]",0
704,0,3,1,26.0,1,0,7.8542,S,Third,0,1,Unknown,Southampton,no,0,"(25, 35]",0
705,0,2,1,39.0,0,0,26.0,S,Second,0,1,Unknown,Southampton,no,1,"(35, 45]",0
706,1,2,0,45.0,0,0,13.5,S,Second,1,0,Unknown,Southampton,yes,1,"(35, 45]",1
707,1,1,1,42.0,0,0,26.2875,S,First,0,1,E,Southampton,yes,1,"(35, 45]",0
708,1,1,0,22.0,0,0,151.55,S,First,1,0,Unknown,Southampton,yes,1,"(15, 25]",1
709,1,3,1,36.0,1,1,15.2458,C,Third,0,1,Unknown,Cherbourg,yes,0,"(35, 45]",0
710,1,1,0,24.0,0,0,49.5042,C,First,1,0,C,Cherbourg,yes,1,"(15, 25]",1
711,0,1,1,32.973597359735976,0,0,26.55,S,First,0,1,C,Southampton,no,1,"(25, 35]",0
712,1,1,1,48.0,1,0,52.0,S,First,0,1,C,Southampton,yes,0,"(45, 60]",0
713,0,3,1,29.0,0,0,9.4833,S,Third,0,1,Unknown,Southampton,no,1,"(25, 35]",0
714,0,2,1,52.0,0,0,13.0,S,Second,0,1,Unknown,Southampton,no,1,"(45, 60]",0
715,0,3,1,19.0,0,0,7.65,S,Third,0,1,F,Southampton,no,1,"(15, 25]",0
716,1,1,0,38.0,0,0,227.525,C,First,1,0,C,Cherbourg,yes,1,"(35, 45]",1
717,1,2,0,27.0,0,0,10.5,S,Second,1,0,E,Southampton,yes,1,"(25, 35]",1
718,0,3,1,32.973597359735976,0,0,15.5,Q,Third,0,1,Unknown,Queenstown,no,1,"(25, 35]",0
719,0,3,1,33.0,0,0,7.775,S,Third,0,1,Unknown,Southampton,no,1,"(25, 35]",0
720,1,2,0,6.0,0,1,33.0,S,Second,3,0,Unknown,Southampton,yes,0,"(0, 15]",1
721,0,3,1,17.0,1,0,7.0542,S,Third,0,1,Unknown,Southampton,no,0,"(15, 25]",0
722,0,2,1,34.0,0,0,13.0,S,Second,0,1,Unknown,Southampton,no,1,"(25, 35]",0
723,0,2,1,50.0,0,0,13.0,S,Second,0,1,Unknown,Southampton,no,1,"(45, 60]",0
724,1,1,1,27.0,1,0,53.1,S,First,0,1,E,Southampton,yes,0,"(25, 35]",0
725,0,3,1,20.0,0,0,8.6625,S,Third,0,1,Unknown,Southampton,no,1,"(15, 25]",0
726,1,2,0,30.0,3,0,21.0,S,Second,1,0,Unknown,Southampton,yes,0,"(25, 35]",1
727,1,3,0,31.08421052631579,0,0,7.7375,Q,Third,1,0,Unknown,Queenstown,yes,1,"(25, 35]",0
728,0,2,1,25.0,1,0,26.0,S,Second,0,1,Unknown,Southampton,no,0,"(15, 25]",0
729,0,3,0,25.0,1,0,7.925,S,Third,1,0,Unknown,Southampton,no,0,"(15, 25]",0
730,1,1,0,29.0,0,0,211.3375,S,First,1,0,B,Southampton,yes,1,"(25, 35]",1
731,0,3,1,11.0,0,0,18.7875,C,Third,3,0,Unknown,Cherbourg,no,1,"(0, 15]",0
732,0,2,1,32.973597359735976,0,0,0.0,S,Second,0,1,Unknown,Southampton,no,1,"(25, 35]",0
733,0,2,1,23.0,0,0,13.0,S,Second,0,1,Unknown,Southampton,no,1,"(15, 25]",0
734,0,2,1,23.0,0,0,13.0,S,Second,0,1,Unknown,Southampton,no,1,"(15, 25]",0
735,0,3,1,28.5,0,0,16.1,S,Third,0,1,Unknown,Southampton,no,1,"(25, 35]",0
736,0,3,0,48.0,1,3,34.375,S,Third,1,0,Unknown,Southampton,no,0,"(45, 60]",0
737,1,1,1,35.0,0,0,512.3292,C,First,0,1,B,Cherbourg,yes,1,"(25, 35]",0
738,0,3,1,32.973597359735976,0,0,7.8958,S,Third,0,1,Unknown,Southampton,no,1,"(25, 35]",0
739,0,3,1,32.973597359735976,0,0,7.8958,S,Third,0,1,Unknown,Southampton,no,1,"(25, 35]",0
740,1,1,1,32.973597359735976,0,0,30.0,S,First,0,1,D,Southampton,yes,1,"(25, 35]",0
741,0,1,1,36.0,1,0,78.85,S,First,0,1,C,Southampton,no,0,"(35, 45]",0
742,1,1,0,21.0,2,2,262.375,C,First,1,0,B,Cherbourg,yes,0,"(15, 25]",1
743,0,3,1,24.0,1,0,16.1,S,Third,0,1,Unknown,Southampton,no,0,"(15, 25]",0
744,1,3,1,31.0,0,0,7.925,S,Third,0,1,Unknown,Southampton,yes,1,"(25, 35]",0
745,0,1,1,70.0,1,1,71.0,S,First,0,1,B,Southampton,no,0,"(60, 80]",0
746,0,3,1,16.0,1,1,20.25,S,Third,0,1,Unknown,Southampton,no,0,"(15, 25]",0
747,1,2,0,30.0,0,0,13.0,S,Second,1,0,Unknown,Southampton,yes,1,"(25, 35]",1
748,0,1,1,19.0,1,0,53.1,S,First,0,1,D,Southampton,no,0,"(15, 25]",0
749,0,3,1,31.0,0,0,7.75,Q,Third,0,1,Unknown,Queenstown,no,1,"(25, 35]",0
750,1,2,0,4.0,1,1,23.0,S,Second,3,0,Unknown,Southampton,yes,0,"(0, 15]",1
751,1,3,1,6.0,0,1,12.475,S,Third,3,0,E,Southampton,yes,0,"(0, 15]",0
752,0,3,1,33.0,0,0,9.5,S,Third,0,1,Unknown,Southampton,no,1,"(25, 35]",0
753,0,3,1,23.0,0,0,7.8958,S,Third,0,1,Unknown,Southampton,no,1,"(15, 25]",0
754,1,2,0,48.0,1,2,65.0,S,Second,1,0,Unknown,Southampton,yes,0,"(45, 60]",1
755,1,2,1,0.67,1,1,14.5,S,Second,3,0,Unknown,Southampton,yes,0,"(0, 15]",0
756,0,3,1,28.0,0,0,7.7958,S,Third,0,1,Unknown,Southampton,no,1,"(25, 35]",0
757,0,2,1,18.0,0,0,11.5,S,Second,0,1,Unknown,Southampton,no,1,"(15, 25]",0
758,0,3,1,34.0,0,0,8.05,S,Third,0,1,Unknown,Southampton,no,1,"(25, 35]",0
759,1,1,0,33.0,0,0,86.5,S,First,1,0,B,Southampton,yes,1,"(25, 35]",1
760,0,3,1,32.973597359735976,0,0,14.5,S,Third,0,1,Unknown,Southampton,no,1,"(25, 35]",0
761,0,3,1,41.0,0,0,7.125,S,Third,0,1,Unknown,Southampton,no,1,"(35, 45]",0
762,1,3,1,20.0,0,0,7.2292,C,Third,0,1,Unknown,Cherbourg,yes,1,"(15, 25]",0
763,1,1,0,36.0,1,2,120.0,S,First,1,0,B,Southampton,yes,0,"(35, 45]",1
764,0,3,1,16.0,0,0,7.775,S,Third,0,1,Unknown,Southampton,no,1,"(15, 25]",0
765,1,1,0,51.0,1,0,77.9583,S,First,1,0,D,Southampton,yes,0,"(45, 60]",1
766,0,1,1,32.973597359735976,0,0,39.6,C,First,0,1,Unknown,Cherbourg,no,1,"(25, 35]",0
767,0,3,0,30.5,0,0,7.75,Q,Third,1,0,Unknown,Queenstown,no,1,"(25, 35]",0
768,0,3,1,32.70192307692308,1,0,24.15,Q,Third,0,1,Unknown,Queenstown,no,0,"(25, 35]",0
769,0,3,1,32.0,0,0,8.3625,S,Third,0,1,Unknown,Southampton,no,1,"(25, 35]",0
770,0,3,1,24.0,0,0,9.5,S,Third,0,1,Unknown,Southampton,no,1,"(15, 25]",0
771,0,3,1,48.0,0,0,7.8542,S,Third,0,1,Unknown,Southampton,no,1,"(45, 60]",0
772,0,2,0,57.0,0,0,10.5,S,Second,1,0,E,Southampton,no,1,"(45, 60]",1
773,0,3,1,32.973597359735976,0,0,7.225,C,Third,0,1,Unknown,Cherbourg,no,1,"(25, 35]",0
774,1,2,0,54.0,1,3,23.0,S,Second,1,0,Unknown,Southampton,yes,0,"(45, 60]",1
775,0,3,1,18.0,0,0,7.75,S,Third,0,1,Unknown,Southampton,no,1,"(15, 25]",0
776,0,3,1,32.973597359735976,0,0,7.75,Q,Third,0,1,F,Queenstown,no,1,"(25, 35]",0
777,1,3,0,5.0,0,0,12.475,S,Third,3,0,Unknown,Southampton,yes,1,"(0, 15]",0
778,0,3,1,32.973597359735976,0,0,7.7375,Q,Third,0,1,Unknown,Queenstown,no,1,"(25, 35]",0
779,1,1,0,43.0,0,1,211.3375,S,First,1,0,B,Southampton,yes,0,"(35, 45]",1
780,1,3,0,13.0,0,0,7.2292,C,Third,3,0,Unknown,Cherbourg,yes,1,"(0, 15]",0
781,1,1,0,17.0,1,0,57.0,S,First,1,0,B,Southampton,yes,0,"(15, 25]",1
782,0,1,1,29.0,0,0,30.0,S,First,0,1,D,Southampton,no,1,"(25, 35]",0
783,0,3,1,30.75,1,2,23.45,S,Third,0,1,Unknown,Southampton,no,0,"(25, 35]",0
784,0,3,1,25.0,0,0,7.05,S,Third,0,1,Unknown,Southampton,no,1,"(15, 25]",0
785,0,3,1,25.0,0,0,7.25,S,Third,0,1,Unknown,Southampton,no,1,"(15, 25]",0
786,1,3,0,18.0,0,0,7.4958,S,Third,1,0,Unknown,Southampton,yes,1,"(15, 25]",0
787,0,3,1,8.0,4,1,29.125,Q,Third,3,0,Unknown,Queenstown,no,0,"(0, 15]",0
788,1,3,1,1.0,1,2,20.575,S,Third,3,0,Unknown,Southampton,yes,0,"(0, 15]",0
789,0,1,1,46.0,0,0,79.2,C,First,0,1,B,Cherbourg,no,1,"(45, 60]",0
790,0,3,1,32.973597359735976,0,0,7.75,Q,Third,0,1,Unknown,Queenstown,no,1,"(25, 35]",0
791,0,2,1,16.0,0,0,26.0,S,Second,0,1,Unknown,Southampton,no,1,"(15, 25]",0
792,0,3,0,6.369518072289157,8,2,69.55,S,Third,1,0,Unknown,Southampton,no,0,"(0, 15]",0
793,0,1,1,32.973597359735976,0,0,30.6958,C,First,0,1,Unknown,Cherbourg,no,1,"(25, 35]",0
794,0,3,1,25.0,0,0,7.8958,S,Third,0,1,Unknown,Southampton,no,1,"(15, 25]",0
795,0,2,1,39.0,0,0,13.0,S,Second,0,1,Unknown,Southampton,no,1,"(35, 45]",0
796,1,1,0,49.0,0,0,25.9292,S,First,1,0,D,Southampton,yes,1,"(45, 60]",1
797,1,3,0,31.0,0,0,8.6833,S,Third,1,0,Unknown,Southampton,yes,1,"(25, 35]",0
798,0,3,1,30.0,0,0,7.2292,C,Third,0,1,Unknown,Cherbourg,no,1,"(25, 35]",0
799,0,3,0,30.0,1,1,24.15,S,Third,1,0,Unknown,Southampton,no,0,"(25, 35]",0
800,0,2,1,34.0,0,0,13.0,S,Second,0,1,Unknown,Southampton,no,1,"(25, 35]",0
801,1,2,0,31.0,1,1,26.25,S,Second,1,0,Unknown,Southampton,yes,0,"(25, 35]",1
802,1,1,1,11.0,1,2,120.0,S,First,3,0,B,Southampton,yes,0,"(0, 15]",0
803,1,3,1,0.42,0,1,8.5167,C,Third,3,0,Unknown,Cherbourg,yes,0,"(0, 15]",0
804,1,3,1,27.0,0,0,6.975,S,Third,0,1,Unknown,Southampton,yes,1,"(25, 35]",0
805,0,3,1,31.0,0,0,7.775,S,Third,0,1,Unknown,Southampton,no,1,"(25, 35]",0
806,0,1,1,39.0,0,0,0.0,S,First,0,1,A,Southampton,no,1,"(35, 45]",0
807,0,3,0,18.0,0,0,7.775,S,Third,1,0,Unknown,Southampton,no,1,"(15, 25]",0
808,0,2,1,39.0,0,0,13.0,S,Second,0,1,Unknown,Southampton,no,1,"(35, 45]",0
809,1,1,0,33.0,1,0,53.1,S,First,1,0,E,Southampton,yes,0,"(25, 35]",1
810,0,3,1,26.0,0,0,7.8875,S,Third,0,1,Unknown,Southampton,no,1,"(25, 35]",0
811,0,3,1,39.0,0,0,24.15,S,Third,0,1,Unknown,Southampton,no,1,"(35, 45]",0
812,0,2,1,35.0,0,0,10.5,S,Second,0,1,Unknown,Southampton,no,1,"(25, 35]",0
813,0,3,0,6.0,4,2,31.275,S,Third,3,0,Unknown,Southampton,no,0,"(0, 15]",0
814,0,3,1,30.5,0,0,8.05,S,Third,0,1,Unknown,Southampton,no,1,"(25, 35]",0
815,0,1,1,32.973597359735976,0,0,0.0,S,First,0,1,B,Southampton,no,1,"(25, 35]",0
816,0,3,0,23.0,0,0,7.925,S,Third,1,0,Unknown,Southampton,no,1,"(15, 25]",0
817,0,2,1,31.0,1,1,37.0042,C,Second,0,1,Unknown,Cherbourg,no,0,"(25, 35]",0
818,0,3,1,43.0,0,0,6.45,S,Third,0,1,Unknown,Southampton,no,1,"(35, 45]",0
819,0,3,1,10.0,3,2,27.9,S,Third,3,0,Unknown,Southampton,no,0,"(0, 15]",0
820,1,1,0,52.0,1,1,93.5,S,First,1,0,B,Southampton,yes,0,"(45, 60]",1
821,1,3,1,27.0,0,0,8.6625,S,Third,0,1,Unknown,Southampton,yes,1,"(25, 35]",0
822,0,1,1,38.0,0,0,0.0,S,First,0,1,Unknown,Southampton,no,1,"(35, 45]",0
823,1,3,0,27.0,0,1,12.475,S,Third,1,0,E,Southampton,yes,0,"(25, 35]",0
824,0,3,1,2.0,4,1,39.6875,S,Third,3,0,Unknown,Southampton,no,0,"(0, 15]",0
825,0,3,1,32.973597359735976,0,0,6.95,Q,Third,0,1,Unknown,Queenstown,no,1,"(25, 35]",0
826,0,3,1,32.973597359735976,0,0,56.4958,S,Third,0,1,Unknown,Southampton,no,1,"(25, 35]",0
827,1,2,1,1.0,0,2,37.0042,C,Second,3,0,Unknown,Cherbourg,yes,0,"(0, 15]",0
828,1,3,1,32.973597359735976,0,0,7.75,Q,Third,0,1,Unknown,Queenstown,yes,1,"(25, 35]",0
829,1,1,0,62.0,0,0,80.0,,First,1,0,B,Southampton,yes,1,"(60, 80]",1
830,1,3,0,15.0,1,0,14.4542,C,Third,3,0,Unknown,Cherbourg,yes,0,"(0, 15]",0
831,1,2,1,0.83,1,1,18.75,S,Second,3,0,Unknown,Southampton,yes,0,"(0, 15]",0
832,0,3,1,32.973597359735976,0,0,7.2292,C,Third,0,1,Unknown,Cherbourg,no,1,"(25, 35]",0
833,0,3,1,23.0,0,0,7.8542,S,Third,0,1,Unknown,Southampton,no,1,"(15, 25]",0
834,0,3,1,18.0,0,0,8.3,S,Third,0,1,Unknown,Southampton,no,1,"(15, 25]",0
835,1,1,0,39.0,1,1,83.1583,C,First,1,0,E,Cherbourg,yes,0,"(35, 45]",1
836,0,3,1,21.0,0,0,8.6625,S,Third,0,1,Unknown,Southampton,no,1,"(15, 25]",0
837,0,3,1,32.973597359735976,0,0,8.05,S,Third,0,1,Unknown,Southampton,no,1,"(25, 35]",0
838,1,3,1,32.0,0,0,56.4958,S,Third,0,1,Unknown,Southampton,yes,1,"(25, 35]",0
839,1,1,1,32.973597359735976,0,0,29.7,C,First,0,1,C,Cherbourg,yes,1,"(25, 35]",0
840,0,3,1,20.0,0,0,7.925,S,Third,0,1,Unknown,Southampton,no,1,"(15, 25]",0
841,0,2,1,16.0,0,0,10.5,S,Second,0,1,Unknown,Southampton,no,1,"(15, 25]",0
842,1,1,0,30.0,0,0,31.0,C,First,1,0,Unknown,Cherbourg,yes,1,"(25, 35]",1
843,0,3,1,34.5,0,0,6.4375,C,Third,0,1,Unknown,Cherbourg,no,1,"(25, 35]",0
844,0,3,1,17.0,0,0,8.6625,S,Third,0,1,Unknown,Southampton,no,1,"(15, 25]",0
845,0,3,1,42.0,0,0,7.55,S,Third,0,1,Unknown,Southampton,no,1,"(35, 45]",0
846,0,3,1,6.369518072289157,8,2,69.55,S,Third,0,1,Unknown,Southampton,no,0,"(0, 15]",0
847,0,3,1,35.0,0,0,7.8958,C,Third,0,1,Unknown,Cherbourg,no,1,"(25, 35]",0
848,0,2,1,28.0,0,1,33.0,S,Second,0,1,Unknown,Southampton,no,0,"(25, 35]",0
849,1,1,0,33.355555555555554,1,0,89.1042,C,First,1,0,C,Cherbourg,yes,0,"(25, 35]",1
850,0,3,1,4.0,4,2,31.275,S,Third,3,0,Unknown,Southampton,no,0,"(0, 15]",0
851,0,3,1,74.0,0,0,7.775,S,Third,0,1,Unknown,Southampton,no,1,"(60, 80]",0
852,0,3,0,9.0,1,1,15.2458,C,Third,3,0,Unknown,Cherbourg,no,0,"(0, 15]",0
853,1,1,0,16.0,0,1,39.4,S,First,1,0,D,Southampton,yes,0,"(15, 25]",1
854,0,2,0,44.0,1,0,26.0,S,Second,1,0,Unknown,Southampton,no,0,"(35, 45]",1
855,1,3,0,18.0,0,1,9.35,S,Third,1,0,Unknown,Southampton,yes,0,"(15, 25]",0
856,1,1,0,45.0,1,1,164.8667,S,First,1,0,Unknown,Southampton,yes,0,"(35, 45]",1
857,1,1,1,51.0,0,0,26.55,S,First,0,1,E,Southampton,yes,1,"(45, 60]",0
858,1,3,0,24.0,0,3,19.2583,C,Third,1,0,Unknown,Cherbourg,yes,0,"(15, 25]",0
859,0,3,1,32.973597359735976,0,0,7.2292,C,Third,0,1,Unknown,Cherbourg,no,1,"(25, 35]",0
860,0,3,1,41.0,2,0,14.1083,S,Third,0,1,Unknown,Southampton,no,0,"(35, 45]",0
861,0,2,1,21.0,1,0,11.5,S,Second,0,1,Unknown,Southampton,no,0,"(15, 25]",0
862,1,1,0,48.0,0,0,25.9292,S,First,1,0,D,Southampton,yes,1,"(45, 60]",1
863,0,3,0,6.369518072289157,8,2,69.55,S,Third,1,0,Unknown,Southampton,no,0,"(0, 15]",0
864,0,2,1,24.0,0,0,13.0,S,Second,0,1,Unknown,Southampton,no,1,"(15, 25]",0
865,1,2,0,42.0,0,0,13.0,S,Second,1,0,Unknown,Southampton,yes,1,"(35, 45]",1
866,1,2,0,27.0,1,0,13.8583,C,Second,1,0,Unknown,Cherbourg,yes,0,"(25, 35]",1
867,0,1,1,31.0,0,0,50.4958,S,First,0,1,A,Southampton,no,1,"(25, 35]",0
868,0,3,1,32.973597359735976,0,0,9.5,S,Third,0,1,Unknown,Southampton,no,1,"(25, 35]",0
869,1,3,1,4.0,1,1,11.1333,S,Third,3,0,Unknown,Southampton,yes,0,"(0, 15]",0
870,0,3,1,26.0,0,0,7.8958,S,Third,0,1,Unknown,Southampton,no,1,"(25, 35]",0
871,1,1,0,47.0,1,1,52.5542,S,First,1,0,D,Southampton,yes,0,"(45, 60]",1
872,0,1,1,33.0,0,0,5.0,S,First,0,1,B,Southampton,no,1,"(25, 35]",0
873,0,3,1,47.0,0,0,9.0,S,Third,0,1,Unknown,Southampton,no,1,"(45, 60]",0
874,1,2,0,28.0,1,0,24.0,C,Second,1,0,Unknown,Cherbourg,yes,0,"(25, 35]",1
875,1,3,0,15.0,0,0,7.225,C,Third,3,0,Unknown,Cherbourg,yes,1,"(0, 15]",0
876,0,3,1,20.0,0,0,9.8458,S,Third,0,1,Unknown,Southampton,no,1,"(15, 25]",0
877,0,3,1,19.0,0,0,7.8958,S,Third,0,1,Unknown,Southampton,no,1,"(15, 25]",0
878,0,3,1,32.973597359735976,0,0,7.8958,S,Third,0,1,Unknown,Southampton,no,1,"(25, 35]",0
879,1,1,0,56.0,0,1,83.1583,C,First,1,0,C,Cherbourg,yes,0,"(45, 60]",1
880,1,2,0,25.0,0,1,26.0,S,Second,1,0,Unknown,Southampton,yes,0,"(15, 25]",1
881,0,3,1,33.0,0,0,7.8958,S,Third,0,1,Unknown,Southampton,no,1,"(25, 35]",0
882,0,3,0,22.0,0,0,10.5167,S,Third,1,0,Unknown,Southampton,no,1,"(15, 25]",0
883,0,2,1,28.0,0,0,10.5,S,Second,0,1,Unknown,Southampton,no,1,"(25, 35]",0
884,0,3,1,25.0,0,0,7.05,S,Third,0,1,Unknown,Southampton,no,1,"(15, 25]",0
885,0,3,0,39.0,0,5,29.125,Q,Third,1,0,Unknown,Queenstown,no,0,"(35, 45]",0
886,0,2,1,27.0,0,0,13.0,S,Second,0,1,Unknown,Southampton,no,1,"(25, 35]",0
887,1,1,0,19.0,0,0,30.0,S,First,1,0,B,Southampton,yes,1,"(15, 25]",1
888,0,3,0,31.333333333333332,1,2,23.45,S,Third,1,0,Unknown,Southampton,no,0,"(25, 35]",0
889,1,1,1,26.0,0,0,30.0,C,First,0,1,C,Cherbourg,yes,1,"(25, 35]",0
890,0,3,1,32.0,0,0,7.75,Q,Third,0,1,Unknown,Queenstown,no,1,"(25, 35]",0
